Date,Year,Period,Month
2011-01-01,2011,1,Jan
2011-02-01,2011,2,Feb
2011-03-01,2011,3,Mar
2011-04-01,2011,4,Apr
2011-05-01,2011,5,May
2011-06-01,2011,6,Jun
2011-07-01,2011,7,Jul
2011-08-01,2011,8,Aug
2011-09-01,2011,9,Sep
2011-10-01,2011,10,Oct
2011-11-01,2011,11,Nov
2011-12-01,2011,12,Dec
2012-01-01,2012,1,Jan
2012-02-01,2012,2,Feb
2012-03-01,2012,3,Mar
2012-04-01,2012,4,Apr
2012-05-01,2012,5,May
2012-06-01,2012,6,Jun
2012-07-01,2012,7,Jul
2012-08-01,2012,8,Aug
2012-09-01,2012,9,Sep
2012-10-01,2012,10,Oct
2012-11-01,2012,11,Nov
2012-12-01,2012,12,Dec
2013-01-01,2013,1,Jan
2013-02-01,2013,2,Feb
2013-03-01,2013,3,Mar
2013-04-01,2013,4,Apr
2013-05-01,2013,5,May
2013-06-01,2013,6,Jun
2013-07-01,2013,7,Jul
2013-08-01,2013,8,Aug
2013-09-01,2013,9,Sep
2013-10-01,2013,10,Oct
2013-11-01,2013,11,Nov
2013-12-01,2013,12,Dec
2014-01-01,2014,1,Jan
2014-02-01,2014,2,Feb
2014-03-01,2014,3,Mar
2014-04-01,2014,4,Apr
2014-05-01,2014,5,May
2014-06-01,2014,6,Jun
2014-07-01,2014,7,Jul
2014-08-01,2014,8,Aug
2014-09-01,2014,9,Sep
2014-10-01,2014,10,Oct
2014-11-01,2014,11,Nov
2014-12-01,2014,12,Dec
