state,year,quarter,registered_count
andaman-&-nicobar-islands,2018,1,9292
andaman-&-nicobar-islands,2018,2,12739
andaman-&-nicobar-islands,2018,3,15949
andaman-&-nicobar-islands,2018,4,20050
andaman-&-nicobar-islands,2019,1,24369
andaman-&-nicobar-islands,2019,2,28099
andaman-&-nicobar-islands,2019,3,31181
andaman-&-nicobar-islands,2019,4,33871
andaman-&-nicobar-islands,2020,1,36875
andaman-&-nicobar-islands,2020,2,41393
andaman-&-nicobar-islands,2020,3,50005
andaman-&-nicobar-islands,2020,4,61520
andaman-&-nicobar-islands,2021,1,69111
andaman-&-nicobar-islands,2021,2,77369
andaman-&-nicobar-islands,2021,3,85547
andaman-&-nicobar-islands,2021,4,94375
andaman-&-nicobar-islands,2022,1,102605
andaman-&-nicobar-islands,2022,2,111074
andaman-&-nicobar-islands,2022,3,119671
andaman-&-nicobar-islands,2022,4,127606
andaman-&-nicobar-islands,2023,1,134328
andaman-&-nicobar-islands,2023,2,141172
andaman-&-nicobar-islands,2023,3,148091
andaman-&-nicobar-islands,2023,4,155470
andaman-&-nicobar-islands,2024,1,162750
andaman-&-nicobar-islands,2024,2,170651
andaman-&-nicobar-islands,2024,3,178309
andaman-&-nicobar-islands,2024,4,184669
andaman-&-nicobar-islands,2025,1,190713
andaman-&-nicobar-islands,2025,2,196844
andaman-&-nicobar-islands,2025,3,203056
andaman-&-nicobar-islands,2025,4,209295
andaman-&-nicobar-islands,2026,1,214818
andaman-&-nicobar-islands,2026,2,220759
andhra-pradesh,2018,1,2979027
andhra-pradesh,2018,2,3941740
andhra-pradesh,2018,3,4841052
andhra-pradesh,2018,4,6134766
andhra-pradesh,2019,1,7399826
andhra-pradesh,2019,2,8379878
andhra-pradesh,2019,3,9369779
andhra-pradesh,2019,4,10528985
andhra-pradesh,2020,1,11664133
andhra-pradesh,2020,2,12828761
andhra-pradesh,2020,3,14049378
andhra-pradesh,2020,4,15263807
andhra-pradesh,2021,1,16309736
andhra-pradesh,2021,2,17327874
andhra-pradesh,2021,3,18380260
andhra-pradesh,2021,4,19405303
andhra-pradesh,2022,1,20341205
andhra-pradesh,2022,2,21272937
andhra-pradesh,2022,3,22199210
andhra-pradesh,2022,4,23102641
andhra-pradesh,2023,1,23903359
andhra-pradesh,2023,2,24687258
andhra-pradesh,2023,3,25473637
andhra-pradesh,2023,4,26160960
andhra-pradesh,2024,1,26931791
andhra-pradesh,2024,2,27773775
andhra-pradesh,2024,3,28578957
andhra-pradesh,2024,4,29497544
andhra-pradesh,2025,1,30313656
andhra-pradesh,2025,2,31181805
andhra-pradesh,2025,3,32097241
andhra-pradesh,2025,4,32906085
andhra-pradesh,2026,1,33598777
andhra-pradesh,2026,2,34327612
arunachal-pradesh,2018,1,26660
arunachal-pradesh,2018,2,39517
arunachal-pradesh,2018,3,53503
arunachal-pradesh,2018,4,71555
arunachal-pradesh,2019,1,88991
arunachal-pradesh,2019,2,108855
arunachal-pradesh,2019,3,128047
arunachal-pradesh,2019,4,146946
arunachal-pradesh,2020,1,169049
arunachal-pradesh,2020,2,198449
arunachal-pradesh,2020,3,228945
arunachal-pradesh,2020,4,257285
arunachal-pradesh,2021,1,279538
arunachal-pradesh,2021,2,303657
arunachal-pradesh,2021,3,327708
arunachal-pradesh,2021,4,353110
arunachal-pradesh,2022,1,378277
arunachal-pradesh,2022,2,406742
arunachal-pradesh,2022,3,436558
arunachal-pradesh,2022,4,465208
arunachal-pradesh,2023,1,493307
arunachal-pradesh,2023,2,521967
arunachal-pradesh,2023,3,552339
arunachal-pradesh,2023,4,584620
arunachal-pradesh,2024,1,623413
arunachal-pradesh,2024,2,670071
arunachal-pradesh,2024,3,712965
arunachal-pradesh,2024,4,743265
arunachal-pradesh,2025,1,772957
arunachal-pradesh,2025,2,803428
arunachal-pradesh,2025,3,834455
arunachal-pradesh,2025,4,865553
arunachal-pradesh,2026,1,894421
arunachal-pradesh,2026,2,951240
assam,2018,1,449118
assam,2018,2,669433
assam,2018,3,900297
assam,2018,4,1200972
assam,2019,1,1461630
assam,2019,2,1719942
assam,2019,3,1997575
assam,2019,4,2240183
assam,2020,1,2534072
assam,2020,2,2938372
assam,2020,3,3266212
assam,2020,4,3615153
assam,2021,1,3929145
assam,2021,2,4267940
assam,2021,3,4661558
assam,2021,4,5099567
assam,2022,1,5551092
assam,2022,2,6021618
assam,2022,3,6517957
assam,2022,4,6999042
assam,2023,1,7478158
assam,2023,2,7935267
assam,2023,3,8451423
assam,2023,4,9011333
assam,2024,1,9619049
assam,2024,2,10259479
assam,2024,3,10865707
assam,2024,4,11341543
assam,2025,1,11808496
assam,2025,2,12266826
assam,2025,3,12771675
assam,2025,4,13282617
assam,2026,1,13764766
assam,2026,2,14095525
bihar,2018,1,2173873
bihar,2018,2,3075993
bihar,2018,3,3846555
bihar,2018,4,4894391
bihar,2019,1,5903371
bihar,2019,2,6750778
bihar,2019,3,7595450
bihar,2019,4,8557982
bihar,2020,1,9579162
bihar,2020,2,10810307
bihar,2020,3,11972054
bihar,2020,4,13128377
bihar,2021,1,14274751
bihar,2021,2,15401467
bihar,2021,3,16692841
bihar,2021,4,17989043
bihar,2022,1,19351497
bihar,2022,2,20671708
bihar,2022,3,22066926
bihar,2022,4,23466284
bihar,2023,1,24855994
bihar,2023,2,26174400
bihar,2023,3,27578408
bihar,2023,4,29113524
bihar,2024,1,30849769
bihar,2024,2,32631512
bihar,2024,3,34194093
bihar,2024,4,35663071
bihar,2025,1,37257833
bihar,2025,2,38792069
bihar,2025,3,40492727
bihar,2025,4,42344157
bihar,2026,1,43855409
bihar,2026,2,44813491
chandigarh,2018,1,84504
chandigarh,2018,2,113150
chandigarh,2018,3,141119
chandigarh,2018,4,175644
chandigarh,2019,1,207673
chandigarh,2019,2,240155
chandigarh,2019,3,268117
chandigarh,2019,4,292017
chandigarh,2020,1,316683
chandigarh,2020,2,341687
chandigarh,2020,3,368783
chandigarh,2020,4,396747
chandigarh,2021,1,420246
chandigarh,2021,2,442163
chandigarh,2021,3,465065
chandigarh,2021,4,487572
chandigarh,2022,1,509170
chandigarh,2022,2,529517
chandigarh,2022,3,550651
chandigarh,2022,4,569949
chandigarh,2023,1,587987
chandigarh,2023,2,605280
chandigarh,2023,3,622265
chandigarh,2023,4,639168
chandigarh,2024,1,660057
chandigarh,2024,2,682073
chandigarh,2024,3,703169
chandigarh,2024,4,721374
chandigarh,2025,1,739749
chandigarh,2025,2,757963
chandigarh,2025,3,776162
chandigarh,2025,4,794106
chandigarh,2026,1,811491
chandigarh,2026,2,829123
chhattisgarh,2018,1,686395
chhattisgarh,2018,2,967619
chhattisgarh,2018,3,1229445
chhattisgarh,2018,4,1584333
chhattisgarh,2019,1,1925189
chhattisgarh,2019,2,2212185
chhattisgarh,2019,3,2488075
chhattisgarh,2019,4,2780915
chhattisgarh,2020,1,3094859
chhattisgarh,2020,2,3484888
chhattisgarh,2020,3,3897665
chhattisgarh,2020,4,4302482
chhattisgarh,2021,1,4682835
chhattisgarh,2021,2,5078626
chhattisgarh,2021,3,5517110
chhattisgarh,2021,4,5951381
chhattisgarh,2022,1,6380734
chhattisgarh,2022,2,6782654
chhattisgarh,2022,3,7211969
chhattisgarh,2022,4,7618238
chhattisgarh,2023,1,8004123
chhattisgarh,2023,2,8375641
chhattisgarh,2023,3,8766380
chhattisgarh,2023,4,9160798
chhattisgarh,2024,1,9676480
chhattisgarh,2024,2,10160209
chhattisgarh,2024,3,10587536
chhattisgarh,2024,4,10962228
chhattisgarh,2025,1,11341270
chhattisgarh,2025,2,11716582
chhattisgarh,2025,3,12105416
chhattisgarh,2025,4,12478219
chhattisgarh,2026,1,12825130
chhattisgarh,2026,2,13192734
dadra-&-nagar-haveli-&-daman-&-diu,2018,1,46505
dadra-&-nagar-haveli-&-daman-&-diu,2018,2,62632
dadra-&-nagar-haveli-&-daman-&-diu,2018,3,79851
dadra-&-nagar-haveli-&-daman-&-diu,2018,4,101702
dadra-&-nagar-haveli-&-daman-&-diu,2019,1,122413
dadra-&-nagar-haveli-&-daman-&-diu,2019,2,139004
dadra-&-nagar-haveli-&-daman-&-diu,2019,3,155873
dadra-&-nagar-haveli-&-daman-&-diu,2019,4,174634
dadra-&-nagar-haveli-&-daman-&-diu,2020,1,193453
dadra-&-nagar-haveli-&-daman-&-diu,2020,2,217392
dadra-&-nagar-haveli-&-daman-&-diu,2020,3,239161
dadra-&-nagar-haveli-&-daman-&-diu,2020,4,264058
dadra-&-nagar-haveli-&-daman-&-diu,2021,1,284780
dadra-&-nagar-haveli-&-daman-&-diu,2021,2,304287
dadra-&-nagar-haveli-&-daman-&-diu,2021,3,326668
dadra-&-nagar-haveli-&-daman-&-diu,2021,4,349265
dadra-&-nagar-haveli-&-daman-&-diu,2022,1,369790
dadra-&-nagar-haveli-&-daman-&-diu,2022,2,390083
dadra-&-nagar-haveli-&-daman-&-diu,2022,3,410533
dadra-&-nagar-haveli-&-daman-&-diu,2022,4,431261
dadra-&-nagar-haveli-&-daman-&-diu,2023,1,449889
dadra-&-nagar-haveli-&-daman-&-diu,2023,2,467310
dadra-&-nagar-haveli-&-daman-&-diu,2023,3,484521
dadra-&-nagar-haveli-&-daman-&-diu,2023,4,502992
dadra-&-nagar-haveli-&-daman-&-diu,2024,1,522738
dadra-&-nagar-haveli-&-daman-&-diu,2024,2,542235
dadra-&-nagar-haveli-&-daman-&-diu,2024,3,560853
dadra-&-nagar-haveli-&-daman-&-diu,2024,4,579259
dadra-&-nagar-haveli-&-daman-&-diu,2025,1,597015
dadra-&-nagar-haveli-&-daman-&-diu,2025,2,613335
dadra-&-nagar-haveli-&-daman-&-diu,2025,3,630853
dadra-&-nagar-haveli-&-daman-&-diu,2025,4,647249
dadra-&-nagar-haveli-&-daman-&-diu,2026,1,661947
dadra-&-nagar-haveli-&-daman-&-diu,2026,2,685445
delhi,2018,1,1954765
delhi,2018,2,2581867
delhi,2018,3,3271387
delhi,2018,4,4336314
delhi,2019,1,5182927
delhi,2019,2,5845734
delhi,2019,3,6463153
delhi,2019,4,6975942
delhi,2020,1,7506500
delhi,2020,2,8071753
delhi,2020,3,8702719
delhi,2020,4,9361847
delhi,2021,1,9968730
delhi,2021,2,10538375
delhi,2021,3,11160288
delhi,2021,4,11796958
delhi,2022,1,12414526
delhi,2022,2,12974749
delhi,2022,3,13539000
delhi,2022,4,14081903
delhi,2023,1,14595060
delhi,2023,2,15072030
delhi,2023,3,15541397
delhi,2023,4,16011335
delhi,2024,1,16600851
delhi,2024,2,17177363
delhi,2024,3,17734636
delhi,2024,4,18256126
delhi,2025,1,18767127
delhi,2025,2,19263783
delhi,2025,3,19764135
delhi,2025,4,20229290
delhi,2026,1,20688029
delhi,2026,2,21250201
goa,2018,1,97236
goa,2018,2,128359
goa,2018,3,160129
goa,2018,4,204229
goa,2019,1,248825
goa,2019,2,290801
goa,2019,3,331094
goa,2019,4,370015
goa,2020,1,410941
goa,2020,2,451839
goa,2020,3,499358
goa,2020,4,553679
goa,2021,1,596406
goa,2021,2,634949
goa,2021,3,677726
goa,2021,4,720435
goa,2022,1,759279
goa,2022,2,796871
goa,2022,3,835257
goa,2022,4,871837
goa,2023,1,904953
goa,2023,2,935702
goa,2023,3,967033
goa,2023,4,1001527
goa,2024,1,1039130
goa,2024,2,1078255
goa,2024,3,1117049
goa,2024,4,1151724
goa,2025,1,1185550
goa,2025,2,1218114
goa,2025,3,1252705
goa,2025,4,1289056
goa,2026,1,1325289
goa,2026,2,1347940
gujarat,2018,1,2813458
gujarat,2018,2,3729318
gujarat,2018,3,4601012
gujarat,2018,4,5796205
gujarat,2019,1,6920980
gujarat,2019,2,7878532
gujarat,2019,3,8815169
gujarat,2019,4,9739656
gujarat,2020,1,10722212
gujarat,2020,2,11915415
gujarat,2020,3,13038677
gujarat,2020,4,14183614
gujarat,2021,1,15212633
gujarat,2021,2,16194721
gujarat,2021,3,17323185
gujarat,2021,4,18430583
gujarat,2022,1,19483483
gujarat,2022,2,20492610
gujarat,2022,3,21579615
gujarat,2022,4,22608675
gujarat,2023,1,23551635
gujarat,2023,2,24442139
gujarat,2023,3,25381367
gujarat,2023,4,26346004
gujarat,2024,1,27405423
gujarat,2024,2,28470147
gujarat,2024,3,29515495
gujarat,2024,4,30455926
gujarat,2025,1,31378561
gujarat,2025,2,32256294
gujarat,2025,3,33195778
gujarat,2025,4,34132806
gujarat,2026,1,34953549
gujarat,2026,2,36083882
haryana,2018,1,1988481
haryana,2018,2,2621706
haryana,2018,3,3194626
haryana,2018,4,3994128
haryana,2019,1,4759566
haryana,2019,2,5414773
haryana,2019,3,6054463
haryana,2019,4,6642686
haryana,2020,1,7305629
haryana,2020,2,7982067
haryana,2020,3,8695590
haryana,2020,4,9406195
haryana,2021,1,10053988
haryana,2021,2,10686682
haryana,2021,3,11374312
haryana,2021,4,12047369
haryana,2022,1,12718254
haryana,2022,2,13329477
haryana,2022,3,13974131
haryana,2022,4,14567786
haryana,2023,1,15150515
haryana,2023,2,15685619
haryana,2023,3,16228788
haryana,2023,4,16779114
haryana,2024,1,17427671
haryana,2024,2,18087186
haryana,2024,3,18729218
haryana,2024,4,19313789
haryana,2025,1,19907909
haryana,2025,2,20473762
haryana,2025,3,21056009
haryana,2025,4,21615414
haryana,2026,1,22159437
haryana,2026,2,22839223
himachal-pradesh,2018,1,232961
himachal-pradesh,2018,2,321663
himachal-pradesh,2018,3,411528
himachal-pradesh,2018,4,536663
himachal-pradesh,2019,1,664582
himachal-pradesh,2019,2,782863
himachal-pradesh,2019,3,895546
himachal-pradesh,2019,4,1005852
himachal-pradesh,2020,1,1132310
himachal-pradesh,2020,2,1275538
himachal-pradesh,2020,3,1408247
himachal-pradesh,2020,4,1534598
himachal-pradesh,2021,1,1638990
himachal-pradesh,2021,2,1741024
himachal-pradesh,2021,3,1846491
himachal-pradesh,2021,4,1950122
himachal-pradesh,2022,1,2050007
himachal-pradesh,2022,2,2145736
himachal-pradesh,2022,3,2243636
himachal-pradesh,2022,4,2334678
himachal-pradesh,2023,1,2420834
himachal-pradesh,2023,2,2502650
himachal-pradesh,2023,3,2584543
himachal-pradesh,2023,4,2677484
himachal-pradesh,2024,1,2783894
himachal-pradesh,2024,2,2904980
himachal-pradesh,2024,3,3013084
himachal-pradesh,2024,4,3099424
himachal-pradesh,2025,1,3187150
himachal-pradesh,2025,2,3270465
himachal-pradesh,2025,3,3355425
himachal-pradesh,2025,4,3444065
himachal-pradesh,2026,1,3529338
himachal-pradesh,2026,2,3592809
jammu-&-kashmir,2018,1,256997
jammu-&-kashmir,2018,2,380192
jammu-&-kashmir,2018,3,476825
jammu-&-kashmir,2018,4,601895
jammu-&-kashmir,2019,1,740329
jammu-&-kashmir,2019,2,864680
jammu-&-kashmir,2019,3,911309
jammu-&-kashmir,2019,4,934260
jammu-&-kashmir,2020,1,1010260
jammu-&-kashmir,2020,2,1132400
jammu-&-kashmir,2020,3,1249897
jammu-&-kashmir,2020,4,1396218
jammu-&-kashmir,2021,1,1549842
jammu-&-kashmir,2021,2,1701193
jammu-&-kashmir,2021,3,1855715
jammu-&-kashmir,2021,4,2040417
jammu-&-kashmir,2022,1,2232542
jammu-&-kashmir,2022,2,2422700
jammu-&-kashmir,2022,3,2603073
jammu-&-kashmir,2022,4,2801460
jammu-&-kashmir,2023,1,2995581
jammu-&-kashmir,2023,2,3178196
jammu-&-kashmir,2023,3,3356452
jammu-&-kashmir,2023,4,3588585
jammu-&-kashmir,2024,1,3840608
jammu-&-kashmir,2024,2,4103216
jammu-&-kashmir,2024,3,4334950
jammu-&-kashmir,2024,4,4516651
jammu-&-kashmir,2025,1,4699442
jammu-&-kashmir,2025,2,4865971
jammu-&-kashmir,2025,3,5026228
jammu-&-kashmir,2025,4,5205677
jammu-&-kashmir,2026,1,5380456
jammu-&-kashmir,2026,2,5645686
jharkhand,2018,1,880343
jharkhand,2018,2,1238359
jharkhand,2018,3,1545612
jharkhand,2018,4,1954512
jharkhand,2019,1,2344245
jharkhand,2019,2,2680159
jharkhand,2019,3,3022018
jharkhand,2019,4,3396614
jharkhand,2020,1,3782690
jharkhand,2020,2,4198053
jharkhand,2020,3,4625467
jharkhand,2020,4,5079848
jharkhand,2021,1,5505298
jharkhand,2021,2,5909431
jharkhand,2021,3,6377290
jharkhand,2021,4,6872363
jharkhand,2022,1,7352042
jharkhand,2022,2,7783514
jharkhand,2022,3,8271861
jharkhand,2022,4,8761666
jharkhand,2023,1,9222109
jharkhand,2023,2,9650559
jharkhand,2023,3,10115548
jharkhand,2023,4,10617881
jharkhand,2024,1,11202660
jharkhand,2024,2,11765547
jharkhand,2024,3,12330147
jharkhand,2024,4,12847879
jharkhand,2025,1,13390825
jharkhand,2025,2,13882870
jharkhand,2025,3,14421897
jharkhand,2025,4,14935840
jharkhand,2026,1,15393721
jharkhand,2026,2,15790280
karnataka,2018,1,3901200
karnataka,2018,2,5226252
karnataka,2018,3,6536115
karnataka,2018,4,8476930
karnataka,2019,1,10393952
karnataka,2019,2,12052561
karnataka,2019,3,13733198
karnataka,2019,4,15440057
karnataka,2020,1,17044952
karnataka,2020,2,18659833
karnataka,2020,3,20469767
karnataka,2020,4,22376108
karnataka,2021,1,24058436
karnataka,2021,2,25647896
karnataka,2021,3,27447523
karnataka,2021,4,29180661
karnataka,2022,1,30809500
karnataka,2022,2,32374488
karnataka,2022,3,33953647
karnataka,2022,4,35452134
karnataka,2023,1,36773789
karnataka,2023,2,38043386
karnataka,2023,3,39411658
karnataka,2023,4,40600790
karnataka,2024,1,41888288
karnataka,2024,2,43157465
karnataka,2024,3,44350489
karnataka,2024,4,45668243
karnataka,2025,1,46870457
karnataka,2025,2,48100388
karnataka,2025,3,49293465
karnataka,2025,4,50339561
karnataka,2026,1,51308731
karnataka,2026,2,52534800
kerala,2018,1,776998
kerala,2018,2,1053063
kerala,2018,3,1311720
kerala,2018,4,1712592
kerala,2019,1,2073323
kerala,2019,2,2457611
kerala,2019,3,2881087
kerala,2019,4,3357041
kerala,2020,1,3898086
kerala,2020,2,4520490
kerala,2020,3,5337146
kerala,2020,4,6108425
kerala,2021,1,6650208
kerala,2021,2,7167573
kerala,2021,3,7726125
kerala,2021,4,8323308
kerala,2022,1,8855141
kerala,2022,2,9344928
kerala,2022,3,9864268
kerala,2022,4,10342101
kerala,2023,1,10759741
kerala,2023,2,11135396
kerala,2023,3,11534779
kerala,2023,4,11984795
kerala,2024,1,12400955
kerala,2024,2,12860951
kerala,2024,3,13360448
kerala,2024,4,13798127
kerala,2025,1,14209056
kerala,2025,2,14603026
kerala,2025,3,15022652
kerala,2025,4,15459282
kerala,2026,1,15839220
kerala,2026,2,16304760
ladakh,2018,1,14795
ladakh,2018,2,21011
ladakh,2018,3,27274
ladakh,2018,4,35989
ladakh,2019,1,44058
ladakh,2019,2,51485
ladakh,2019,3,56993
ladakh,2019,4,62146
ladakh,2020,1,68423
ladakh,2020,2,74807
ladakh,2020,3,81517
ladakh,2020,4,89518
ladakh,2021,1,96146
ladakh,2021,2,102914
ladakh,2021,3,109859
ladakh,2021,4,117697
ladakh,2022,1,125119
ladakh,2022,2,131845
ladakh,2022,3,138524
ladakh,2022,4,146028
ladakh,2023,1,152636
ladakh,2023,2,158956
ladakh,2023,3,164962
ladakh,2023,4,173131
ladakh,2024,1,180765
ladakh,2024,2,190668
ladakh,2024,3,199266
ladakh,2024,4,206450
ladakh,2025,1,213189
ladakh,2025,2,219995
ladakh,2025,3,225152
ladakh,2025,4,231656
ladakh,2026,1,237706
ladakh,2026,2,250921
lakshadweep,2018,1,862
lakshadweep,2018,2,1172
lakshadweep,2018,3,1491
lakshadweep,2018,4,1903
lakshadweep,2019,1,2320
lakshadweep,2019,2,2763
lakshadweep,2019,3,3275
lakshadweep,2019,4,3708
lakshadweep,2020,1,4140
lakshadweep,2020,2,4578
lakshadweep,2020,3,5137
lakshadweep,2020,4,5775
lakshadweep,2021,1,6336
lakshadweep,2021,2,6816
lakshadweep,2021,3,7374
lakshadweep,2021,4,7965
lakshadweep,2022,1,8435
lakshadweep,2022,2,8885
lakshadweep,2022,3,9374
lakshadweep,2022,4,9808
lakshadweep,2023,1,10183
lakshadweep,2023,2,10584
lakshadweep,2023,3,11059
lakshadweep,2023,4,11676
lakshadweep,2024,1,12330
lakshadweep,2024,2,13251
lakshadweep,2024,3,14065
lakshadweep,2024,4,14725
lakshadweep,2025,1,15368
lakshadweep,2025,2,15987
lakshadweep,2025,3,16553
lakshadweep,2025,4,17251
lakshadweep,2026,1,17882
lakshadweep,2026,2,18419
madhya-pradesh,2018,1,2501837
madhya-pradesh,2018,2,3390239
madhya-pradesh,2018,3,4233736
madhya-pradesh,2018,4,5311159
madhya-pradesh,2019,1,6383958
madhya-pradesh,2019,2,7278165
madhya-pradesh,2019,3,8231531
madhya-pradesh,2019,4,9219787
madhya-pradesh,2020,1,10260896
madhya-pradesh,2020,2,11514232
madhya-pradesh,2020,3,12744642
madhya-pradesh,2020,4,13925932
madhya-pradesh,2021,1,15131202
madhya-pradesh,2021,2,16251687
madhya-pradesh,2021,3,17570524
madhya-pradesh,2021,4,18846562
madhya-pradesh,2022,1,20115633
madhya-pradesh,2022,2,21283425
madhya-pradesh,2022,3,22575200
madhya-pradesh,2022,4,23793582
madhya-pradesh,2023,1,24981019
madhya-pradesh,2023,2,26193021
madhya-pradesh,2023,3,27512164
madhya-pradesh,2023,4,28703519
madhya-pradesh,2024,1,30087710
madhya-pradesh,2024,2,31399806
madhya-pradesh,2024,3,32634553
madhya-pradesh,2024,4,33718050
madhya-pradesh,2025,1,34868747
madhya-pradesh,2025,2,35961457
madhya-pradesh,2025,3,37166358
madhya-pradesh,2025,4,38249438
madhya-pradesh,2026,1,39250624
madhya-pradesh,2026,2,40093377
maharashtra,2018,1,6133954
maharashtra,2018,2,8236836
maharashtra,2018,3,10390459
maharashtra,2018,4,13355155
maharashtra,2019,1,16274312
maharashtra,2019,2,18737804
maharashtra,2019,3,21322044
maharashtra,2019,4,23734339
maharashtra,2020,1,26163809
maharashtra,2020,2,28790127
maharashtra,2020,3,31432433
maharashtra,2020,4,34404572
maharashtra,2021,1,36994904
maharashtra,2021,2,39429859
maharashtra,2021,3,42170156
maharashtra,2021,4,44928344
maharashtra,2022,1,47511322
maharashtra,2022,2,49858004
maharashtra,2022,3,52289467
maharashtra,2022,4,54629272
maharashtra,2023,1,56723036
maharashtra,2023,2,58661548
maharashtra,2023,3,60617867
maharashtra,2023,4,62581750
maharashtra,2024,1,64700862
maharashtra,2024,2,66770730
maharashtra,2024,3,69582864
maharashtra,2024,4,72020866
maharashtra,2025,1,74177131
maharashtra,2025,2,76247239
maharashtra,2025,3,78365134
maharashtra,2025,4,80321622
maharashtra,2026,1,82017557
maharashtra,2026,2,84075442
manipur,2018,1,35579
manipur,2018,2,54326
manipur,2018,3,71019
manipur,2018,4,93713
manipur,2019,1,112463
manipur,2019,2,130880
manipur,2019,3,150811
manipur,2019,4,170399
manipur,2020,1,193166
manipur,2020,2,232085
manipur,2020,3,275979
manipur,2020,4,306249
manipur,2021,1,326912
manipur,2021,2,346378
manipur,2021,3,367233
manipur,2021,4,388184
manipur,2022,1,406492
manipur,2022,2,426522
manipur,2022,3,448114
manipur,2022,4,467306
manipur,2023,1,486209
manipur,2023,2,496881
manipur,2023,3,506910
manipur,2023,4,528770
manipur,2024,1,564185
manipur,2024,2,603425
manipur,2024,3,644220
manipur,2024,4,668293
manipur,2025,1,694042
manipur,2025,2,719620
manipur,2025,3,749966
manipur,2025,4,783532
manipur,2026,1,814173
manipur,2026,2,854036
meghalaya,2018,1,22306
meghalaya,2018,2,31651
meghalaya,2018,3,42882
meghalaya,2018,4,56903
meghalaya,2019,1,69850
meghalaya,2019,2,83645
meghalaya,2019,3,98774
meghalaya,2019,4,112925
meghalaya,2020,1,129019
meghalaya,2020,2,152632
meghalaya,2020,3,176427
meghalaya,2020,4,197575
meghalaya,2021,1,213559
meghalaya,2021,2,230094
meghalaya,2021,3,247942
meghalaya,2021,4,267949
meghalaya,2022,1,287587
meghalaya,2022,2,307758
meghalaya,2022,3,330639
meghalaya,2022,4,352648
meghalaya,2023,1,373661
meghalaya,2023,2,394558
meghalaya,2023,3,419409
meghalaya,2023,4,450369
meghalaya,2024,1,488538
meghalaya,2024,2,536952
meghalaya,2024,3,582628
meghalaya,2024,4,611334
meghalaya,2025,1,640474
meghalaya,2025,2,670920
meghalaya,2025,3,704327
meghalaya,2025,4,742750
meghalaya,2026,1,778471
meghalaya,2026,2,821275
mizoram,2018,1,9312
mizoram,2018,2,12467
mizoram,2018,3,16728
mizoram,2018,4,22190
mizoram,2019,1,27134
mizoram,2019,2,32162
mizoram,2019,3,38565
mizoram,2019,4,44755
mizoram,2020,1,52556
mizoram,2020,2,62148
mizoram,2020,3,75962
mizoram,2020,4,87194
mizoram,2021,1,94488
mizoram,2021,2,101851
mizoram,2021,3,109595
mizoram,2021,4,116803
mizoram,2022,1,123574
mizoram,2022,2,130454
mizoram,2022,3,138370
mizoram,2022,4,146161
mizoram,2023,1,153259
mizoram,2023,2,160684
mizoram,2023,3,169046
mizoram,2023,4,179480
mizoram,2024,1,194379
mizoram,2024,2,213479
mizoram,2024,3,246580
mizoram,2024,4,258269
mizoram,2025,1,270295
mizoram,2025,2,282032
mizoram,2025,3,295734
mizoram,2025,4,312483
mizoram,2026,1,327659
mizoram,2026,2,349070
nagaland,2018,1,16047
nagaland,2018,2,23866
nagaland,2018,3,33223
nagaland,2018,4,44601
nagaland,2019,1,55915
nagaland,2019,2,68483
nagaland,2019,3,82418
nagaland,2019,4,95667
nagaland,2020,1,110228
nagaland,2020,2,132841
nagaland,2020,3,175583
nagaland,2020,4,194444
nagaland,2021,1,208308
nagaland,2021,2,222211
nagaland,2021,3,236840
nagaland,2021,4,251384
nagaland,2022,1,266042
nagaland,2022,2,281398
nagaland,2022,3,297083
nagaland,2022,4,311555
nagaland,2023,1,325241
nagaland,2023,2,339039
nagaland,2023,3,353878
nagaland,2023,4,370492
nagaland,2024,1,391270
nagaland,2024,2,423165
nagaland,2024,3,456203
nagaland,2024,4,475258
nagaland,2025,1,493342
nagaland,2025,2,512198
nagaland,2025,3,533473
nagaland,2025,4,555336
nagaland,2026,1,575983
nagaland,2026,2,602471
odisha,2018,1,1573698
odisha,2018,2,2160851
odisha,2018,3,2740899
odisha,2018,4,3565892
odisha,2019,1,4265066
odisha,2019,2,4786497
odisha,2019,3,5361369
odisha,2019,4,6075390
odisha,2020,1,6631513
odisha,2020,2,7239140
odisha,2020,3,7888711
odisha,2020,4,8592754
odisha,2021,1,9201367
odisha,2021,2,9843480
odisha,2021,3,10591026
odisha,2021,4,11358268
odisha,2022,1,12011836
odisha,2022,2,12652044
odisha,2022,3,13324247
odisha,2022,4,13990026
odisha,2023,1,14605734
odisha,2023,2,15180768
odisha,2023,3,15773057
odisha,2023,4,16349232
odisha,2024,1,17002272
odisha,2024,2,17662149
odisha,2024,3,18360257
odisha,2024,4,19085969
odisha,2025,1,19731478
odisha,2025,2,20349791
odisha,2025,3,20979927
odisha,2025,4,21533027
odisha,2026,1,22049893
odisha,2026,2,22586814
puducherry,2018,1,47701
puducherry,2018,2,63878
puducherry,2018,3,79099
puducherry,2018,4,106491
puducherry,2019,1,129946
puducherry,2019,2,152917
puducherry,2019,3,173965
puducherry,2019,4,199364
puducherry,2020,1,225275
puducherry,2020,2,249567
puducherry,2020,3,278348
puducherry,2020,4,312159
puducherry,2021,1,338921
puducherry,2021,2,362487
puducherry,2021,3,386770
puducherry,2021,4,411329
puducherry,2022,1,433835
puducherry,2022,2,453527
puducherry,2022,3,473286
puducherry,2022,4,493378
puducherry,2023,1,511080
puducherry,2023,2,527197
puducherry,2023,3,544090
puducherry,2023,4,561059
puducherry,2024,1,578039
puducherry,2024,2,594818
puducherry,2024,3,612094
puducherry,2024,4,629389
puducherry,2025,1,645855
puducherry,2025,2,661400
puducherry,2025,3,677573
puducherry,2025,4,693418
puducherry,2026,1,707787
puducherry,2026,2,723563
punjab,2018,1,902434
punjab,2018,2,1225027
punjab,2018,3,1542608
punjab,2018,4,1950642
punjab,2019,1,2322582
punjab,2019,2,2699641
punjab,2019,3,3084133
punjab,2019,4,3442072
punjab,2020,1,3875890
punjab,2020,2,4373346
punjab,2020,3,4858229
punjab,2020,4,5310103
punjab,2021,1,5679863
punjab,2021,2,6043827
punjab,2021,3,6430939
punjab,2021,4,6814717
punjab,2022,1,7199914
punjab,2022,2,7570961
punjab,2022,3,7964871
punjab,2022,4,8329482
punjab,2023,1,8680448
punjab,2023,2,9022142
punjab,2023,3,9396198
punjab,2023,4,9790268
punjab,2024,1,10263130
punjab,2024,2,10766796
punjab,2024,3,11264065
punjab,2024,4,11622811
punjab,2025,1,11997032
punjab,2025,2,12360971
punjab,2025,3,12758339
punjab,2025,4,13172691
punjab,2026,1,13581016
punjab,2026,2,14095349
rajasthan,2018,1,3184469
rajasthan,2018,2,4262966
rajasthan,2018,3,5199376
rajasthan,2018,4,6407477
rajasthan,2019,1,7779148
rajasthan,2019,2,8846756
rajasthan,2019,3,9930100
rajasthan,2019,4,11033683
rajasthan,2020,1,12268753
rajasthan,2020,2,13697342
rajasthan,2020,3,15099115
rajasthan,2020,4,16423105
rajasthan,2021,1,17806048
rajasthan,2021,2,19130821
rajasthan,2021,3,20647987
rajasthan,2021,4,22032956
rajasthan,2022,1,23412998
rajasthan,2022,2,24647652
rajasthan,2022,3,25962683
rajasthan,2022,4,27182742
rajasthan,2023,1,28357153
rajasthan,2023,2,29493668
rajasthan,2023,3,30792255
rajasthan,2023,4,32021284
rajasthan,2024,1,33414280
rajasthan,2024,2,34754315
rajasthan,2024,3,35974844
rajasthan,2024,4,37075516
rajasthan,2025,1,38208545
rajasthan,2025,2,39315591
rajasthan,2025,3,40494453
rajasthan,2025,4,41560104
rajasthan,2026,1,42603158
rajasthan,2026,2,43692290
sikkim,2018,1,23332
sikkim,2018,2,32306
sikkim,2018,3,41742
sikkim,2018,4,53799
sikkim,2019,1,64728
sikkim,2019,2,76521
sikkim,2019,3,88720
sikkim,2019,4,100028
sikkim,2020,1,112394
sikkim,2020,2,127647
sikkim,2020,3,143462
sikkim,2020,4,157981
sikkim,2021,1,169708
sikkim,2021,2,181725
sikkim,2021,3,193942
sikkim,2021,4,206238
sikkim,2022,1,217994
sikkim,2022,2,229640
sikkim,2022,3,241620
sikkim,2022,4,252358
sikkim,2023,1,262655
sikkim,2023,2,272768
sikkim,2023,3,282679
sikkim,2023,4,292795
sikkim,2024,1,304915
sikkim,2024,2,319071
sikkim,2024,3,333732
sikkim,2024,4,345323
sikkim,2025,1,357215
sikkim,2025,2,368764
sikkim,2025,3,379914
sikkim,2025,4,391051
sikkim,2026,1,402651
sikkim,2026,2,407103
tamil-nadu,2018,1,2155558
tamil-nadu,2018,2,3061794
tamil-nadu,2018,3,3937412
tamil-nadu,2018,4,5262463
tamil-nadu,2019,1,6377974
tamil-nadu,2019,2,7498284
tamil-nadu,2019,3,8534286
tamil-nadu,2019,4,9717126
tamil-nadu,2020,1,10970688
tamil-nadu,2020,2,12255108
tamil-nadu,2020,3,13765652
tamil-nadu,2020,4,15495864
tamil-nadu,2021,1,16872782
tamil-nadu,2021,2,18151670
tamil-nadu,2021,3,19501393
tamil-nadu,2021,4,20870525
tamil-nadu,2022,1,22131653
tamil-nadu,2022,2,23307037
tamil-nadu,2022,3,24513100
tamil-nadu,2022,4,25708338
tamil-nadu,2023,1,26767037
tamil-nadu,2023,2,27769575
tamil-nadu,2023,3,28891897
tamil-nadu,2023,4,30002865
tamil-nadu,2024,1,31080814
tamil-nadu,2024,2,32173286
tamil-nadu,2024,3,33289377
tamil-nadu,2024,4,34331442
tamil-nadu,2025,1,35340007
tamil-nadu,2025,2,36318119
tamil-nadu,2025,3,37334630
tamil-nadu,2025,4,38313127
tamil-nadu,2026,1,39201469
tamil-nadu,2026,2,40264046
telangana,2018,1,3449556
telangana,2018,2,4414688
telangana,2018,3,5290796
telangana,2018,4,6687832
telangana,2019,1,8100506
telangana,2019,2,9164840
telangana,2019,3,10225604
telangana,2019,4,11330987
telangana,2020,1,12385312
telangana,2020,2,13431777
telangana,2020,3,14605692
telangana,2020,4,15891633
telangana,2021,1,17082180
telangana,2021,2,18184140
telangana,2021,3,19355996
telangana,2021,4,20513162
telangana,2022,1,21608530
telangana,2022,2,22613597
telangana,2022,3,23635593
telangana,2022,4,24652313
telangana,2023,1,25533334
telangana,2023,2,26347321
telangana,2023,3,27152426
telangana,2023,4,27926155
telangana,2024,1,28813177
telangana,2024,2,29668981
telangana,2024,3,30496407
telangana,2024,4,31420121
telangana,2025,1,32290034
telangana,2025,2,33161493
telangana,2025,3,34013239
telangana,2025,4,34807525
telangana,2026,1,35513627
telangana,2026,2,36479877
tripura,2018,1,55908
tripura,2018,2,84393
tripura,2018,3,116340
tripura,2018,4,155407
tripura,2019,1,187484
tripura,2019,2,222378
tripura,2019,3,254600
tripura,2019,4,283407
tripura,2020,1,314602
tripura,2020,2,351939
tripura,2020,3,395067
tripura,2020,4,431153
tripura,2021,1,458876
tripura,2021,2,485926
tripura,2021,3,514890
tripura,2021,4,544397
tripura,2022,1,573074
tripura,2022,2,603260
tripura,2022,3,636726
tripura,2022,4,668667
tripura,2023,1,699295
tripura,2023,2,731619
tripura,2023,3,768145
tripura,2023,4,809084
tripura,2024,1,858086
tripura,2024,2,910150
tripura,2024,3,958718
tripura,2024,4,995320
tripura,2025,1,1032353
tripura,2025,2,1069043
tripura,2025,3,1109299
tripura,2025,4,1151875
tripura,2026,1,1191907
tripura,2026,2,1242083
uttar-pradesh,2018,1,4921602
uttar-pradesh,2018,2,6777728
uttar-pradesh,2018,3,8443146
uttar-pradesh,2018,4,10830097
uttar-pradesh,2019,1,13103108
uttar-pradesh,2019,2,15042257
uttar-pradesh,2019,3,16953678
uttar-pradesh,2019,4,18919521
uttar-pradesh,2020,1,21194763
uttar-pradesh,2020,2,23606047
uttar-pradesh,2020,3,26045233
uttar-pradesh,2020,4,28545839
uttar-pradesh,2021,1,30976739
uttar-pradesh,2021,2,33211904
uttar-pradesh,2021,3,35903262
uttar-pradesh,2021,4,38739893
uttar-pradesh,2022,1,41701425
uttar-pradesh,2022,2,44364283
uttar-pradesh,2022,3,47337748
uttar-pradesh,2022,4,50213564
uttar-pradesh,2023,1,53046420
uttar-pradesh,2023,2,55590099
uttar-pradesh,2023,3,58422771
uttar-pradesh,2023,4,61516010
uttar-pradesh,2024,1,64960422
uttar-pradesh,2024,2,68189228
uttar-pradesh,2024,3,71327157
uttar-pradesh,2024,4,74136023
uttar-pradesh,2025,1,77043398
uttar-pradesh,2025,2,79721010
uttar-pradesh,2025,3,82795120
uttar-pradesh,2025,4,85800260
uttar-pradesh,2026,1,88629936
uttar-pradesh,2026,2,90563992
uttarakhand,2018,1,499946
uttarakhand,2018,2,673206
uttarakhand,2018,3,835826
uttarakhand,2018,4,1050477
uttarakhand,2019,1,1272751
uttarakhand,2019,2,1468181
uttarakhand,2019,3,1653220
uttarakhand,2019,4,1825409
uttarakhand,2020,1,2023901
uttarakhand,2020,2,2234769
uttarakhand,2020,3,2456247
uttarakhand,2020,4,2685323
uttarakhand,2021,1,2888932
uttarakhand,2021,2,3083983
uttarakhand,2021,3,3295762
uttarakhand,2021,4,3503291
uttarakhand,2022,1,3709608
uttarakhand,2022,2,3904801
uttarakhand,2022,3,4107474
uttarakhand,2022,4,4296902
uttarakhand,2023,1,4480029
uttarakhand,2023,2,4650851
uttarakhand,2023,3,4823928
uttarakhand,2023,4,4999454
uttarakhand,2024,1,5206546
uttarakhand,2024,2,5419938
uttarakhand,2024,3,5624430
uttarakhand,2024,4,5801849
uttarakhand,2025,1,5979871
uttarakhand,2025,2,6152816
uttarakhand,2025,3,6335256
uttarakhand,2025,4,6515385
uttarakhand,2026,1,6690656
uttarakhand,2026,2,6755122
west-bengal,2018,1,2576622
west-bengal,2018,2,3795442
west-bengal,2018,3,4790914
west-bengal,2018,4,6251947
west-bengal,2019,1,7438601
west-bengal,2019,2,8602074
west-bengal,2019,3,9692554
west-bengal,2019,4,10931174
west-bengal,2020,1,12052575
west-bengal,2020,2,13339774
west-bengal,2020,3,14612656
west-bengal,2020,4,15870777
west-bengal,2021,1,16981214
west-bengal,2021,2,18090085
west-bengal,2021,3,19374188
west-bengal,2021,4,20723757
west-bengal,2022,1,21954680
west-bengal,2022,2,23181627
west-bengal,2022,3,24486749
west-bengal,2022,4,25739668
west-bengal,2023,1,26980199
west-bengal,2023,2,28151830
west-bengal,2023,3,29423200
west-bengal,2023,4,30766242
west-bengal,2024,1,32233492
west-bengal,2024,2,33696097
west-bengal,2024,3,35120561
west-bengal,2024,4,36468735
west-bengal,2025,1,37781664
west-bengal,2025,2,39021346
west-bengal,2025,3,40328474
west-bengal,2025,4,41514118
west-bengal,2026,1,42771072
west-bengal,2026,2,43272502
