# CPI by state and union territory, monthly, Jan 2025 onward. Combined, rural and urban index and year-on-year inflation for every state/UT. Source: MoSPI / Office of the Economic Adviser, via IndiaInflation.com. Please credit IndiaInflation.com.
state,year,month,sector,index_value,inflation_rate
Andaman And Nicobar Islands,2025,1,Combined,102.51,4.11
Andaman And Nicobar Islands,2025,1,Rural,102.34,2.37
Andaman And Nicobar Islands,2025,1,Urban,102.68,6.03
Andaman And Nicobar Islands,2025,2,Combined,102.02,2.21
Andaman And Nicobar Islands,2025,2,Rural,101.82,1.21
Andaman And Nicobar Islands,2025,2,Urban,102.23,3.35
Andaman And Nicobar Islands,2025,3,Combined,102.28,3.31
Andaman And Nicobar Islands,2025,3,Rural,102.45,3.52
Andaman And Nicobar Islands,2025,3,Urban,102.10,3.13
Andaman And Nicobar Islands,2025,4,Combined,102.65,3.40
Andaman And Nicobar Islands,2025,4,Rural,102.93,4.03
Andaman And Nicobar Islands,2025,4,Urban,102.35,2.78
Andaman And Nicobar Islands,2025,5,Combined,102.85,1.87
Andaman And Nicobar Islands,2025,5,Rural,103.19,1.77
Andaman And Nicobar Islands,2025,5,Urban,102.50,1.99
Andaman And Nicobar Islands,2025,6,Combined,104.22,1.70
Andaman And Nicobar Islands,2025,6,Rural,105.21,0.49
Andaman And Nicobar Islands,2025,6,Urban,103.21,2.94
Andaman And Nicobar Islands,2025,7,Combined,104.96,0.00
Andaman And Nicobar Islands,2025,7,Rural,105.85,-1.06
Andaman And Nicobar Islands,2025,7,Urban,104.05,1.17
Andaman And Nicobar Islands,2025,8,Combined,105.13,2.69
Andaman And Nicobar Islands,2025,8,Rural,106.23,1.44
Andaman And Nicobar Islands,2025,8,Urban,103.99,4.05
Andaman And Nicobar Islands,2025,9,Combined,105.27,3.11
Andaman And Nicobar Islands,2025,9,Rural,105.99,2.65
Andaman And Nicobar Islands,2025,9,Urban,104.51,3.59
Andaman And Nicobar Islands,2025,10,Combined,106.34,3.61
Andaman And Nicobar Islands,2025,10,Rural,107.29,2.64
Andaman And Nicobar Islands,2025,10,Urban,105.35,4.60
Andaman And Nicobar Islands,2025,11,Combined,106.73,2.34
Andaman And Nicobar Islands,2025,11,Rural,107.67,0.73
Andaman And Nicobar Islands,2025,11,Urban,105.76,4.07
Andaman And Nicobar Islands,2025,12,Combined,106.86,0.70
Andaman And Nicobar Islands,2025,12,Rural,108.05,-0.19
Andaman And Nicobar Islands,2025,12,Urban,105.63,1.56
Andaman And Nicobar Islands,2026,1,Combined,106.88,4.27
Andaman And Nicobar Islands,2026,1,Rural,108.02,5.55
Andaman And Nicobar Islands,2026,1,Urban,105.70,2.94
Andaman And Nicobar Islands,2026,2,Combined,106.16,4.06
Andaman And Nicobar Islands,2026,2,Rural,106.95,5.04
Andaman And Nicobar Islands,2026,2,Urban,105.34,3.04
Andaman And Nicobar Islands,2026,3,Combined,105.81,3.45
Andaman And Nicobar Islands,2026,3,Rural,106.72,4.16
Andaman And Nicobar Islands,2026,3,Urban,104.88,2.71
Andaman And Nicobar Islands,2026,4,Combined,105.97,3.23
Andaman And Nicobar Islands,2026,4,Rural,106.83,3.79
Andaman And Nicobar Islands,2026,4,Urban,105.07,2.66
Andaman And Nicobar Islands,2026,5,Combined,107.38,4.40
Andaman And Nicobar Islands,2026,5,Rural,109.05,5.67
Andaman And Nicobar Islands,2026,5,Urban,105.64,3.06
Andaman And Nicobar Islands,2026,6,Combined,109.13,4.70
Andaman And Nicobar Islands,2026,6,Rural,111.53,6.01
Andaman And Nicobar Islands,2026,6,Urban,106.63,3.32
Andaman And Nicobar Islands,2026,7,Combined,109.32,4.15
Andaman And Nicobar Islands,2026,7,Rural,111.13,4.99
Andaman And Nicobar Islands,2026,7,Urban,107.44,3.26
Andaman And Nicobar Islands,2026,8,Combined,109.17,3.84
Andaman And Nicobar Islands,2026,8,Rural,110.57,4.09
Andaman And Nicobar Islands,2026,8,Urban,107.71,3.58
Andhra Pradesh,2025,1,Combined,101.36,4.08
Andhra Pradesh,2025,1,Rural,101.48,4.08
Andhra Pradesh,2025,1,Urban,101.16,4.07
Andhra Pradesh,2025,2,Combined,100.71,2.44
Andhra Pradesh,2025,2,Rural,100.76,2.13
Andhra Pradesh,2025,2,Urban,100.62,2.96
Andhra Pradesh,2025,3,Combined,100.74,2.50
Andhra Pradesh,2025,3,Rural,100.58,2.14
Andhra Pradesh,2025,3,Urban,100.99,3.13
Andhra Pradesh,2025,4,Combined,100.84,2.65
Andhra Pradesh,2025,4,Rural,100.61,2.33
Andhra Pradesh,2025,4,Urban,101.21,3.11
Andhra Pradesh,2025,5,Combined,101.11,1.69
Andhra Pradesh,2025,5,Rural,100.90,1.33
Andhra Pradesh,2025,5,Urban,101.43,2.36
Andhra Pradesh,2025,6,Combined,101.41,0.05
Andhra Pradesh,2025,6,Rural,101.12,-0.50
Andhra Pradesh,2025,6,Urban,101.87,1.06
Andhra Pradesh,2025,7,Combined,101.88,0.50
Andhra Pradesh,2025,7,Rural,101.58,-0.05
Andhra Pradesh,2025,7,Urban,102.34,1.41
Andhra Pradesh,2025,8,Combined,102.34,1.93
Andhra Pradesh,2025,8,Rural,102.10,1.53
Andhra Pradesh,2025,8,Urban,102.72,2.54
Andhra Pradesh,2025,9,Combined,102.32,1.31
Andhra Pradesh,2025,9,Rural,102.05,1.06
Andhra Pradesh,2025,9,Urban,102.75,1.71
Andhra Pradesh,2025,10,Combined,102.43,0.25
Andhra Pradesh,2025,10,Rural,102.10,-0.20
Andhra Pradesh,2025,10,Urban,102.96,1.04
Andhra Pradesh,2025,11,Combined,103.07,1.44
Andhra Pradesh,2025,11,Rural,102.81,1.10
Andhra Pradesh,2025,11,Urban,103.48,2.14
Andhra Pradesh,2025,12,Combined,103.41,2.71
Andhra Pradesh,2025,12,Rural,103.24,2.66
Andhra Pradesh,2025,12,Urban,103.67,2.91
Andhra Pradesh,2026,1,Combined,104.22,2.82
Andhra Pradesh,2026,1,Rural,104.09,2.58
Andhra Pradesh,2026,1,Urban,104.41,3.21
Andhra Pradesh,2026,2,Combined,104.19,3.45
Andhra Pradesh,2026,2,Rural,104.03,3.24
Andhra Pradesh,2026,2,Urban,104.44,3.80
Andhra Pradesh,2026,3,Combined,104.82,4.05
Andhra Pradesh,2026,3,Rural,104.74,4.14
Andhra Pradesh,2026,3,Urban,104.94,3.91
Andhra Pradesh,2026,4,Combined,105.08,4.20
Andhra Pradesh,2026,4,Rural,104.92,4.29
Andhra Pradesh,2026,4,Urban,105.33,4.07
Andhra Pradesh,2026,5,Combined,106.06,4.90
Andhra Pradesh,2026,5,Rural,106.04,5.09
Andhra Pradesh,2026,5,Urban,106.10,4.60
Andhra Pradesh,2026,6,Combined,106.88,5.39
Andhra Pradesh,2026,6,Rural,106.90,5.71
Andhra Pradesh,2026,6,Urban,106.86,4.90
Andhra Pradesh,2026,7,Combined,107.71,5.73
Andhra Pradesh,2026,7,Rural,107.82,6.14
Andhra Pradesh,2026,7,Urban,107.55,5.09
Andhra Pradesh,2026,8,Combined,108.00,5.53
Andhra Pradesh,2026,8,Rural,108.10,5.88
Andhra Pradesh,2026,8,Urban,107.83,4.98
Arunachal Pradesh,2025,1,Combined,101.42,
Arunachal Pradesh,2025,1,Rural,101.33,4.22
Arunachal Pradesh,2025,1,Urban,101.69,
Arunachal Pradesh,2025,2,Combined,101.07,
Arunachal Pradesh,2025,2,Rural,100.96,3.41
Arunachal Pradesh,2025,2,Urban,101.38,
Arunachal Pradesh,2025,3,Combined,101.00,
Arunachal Pradesh,2025,3,Rural,100.82,3.05
Arunachal Pradesh,2025,3,Urban,101.53,
Arunachal Pradesh,2025,4,Combined,101.31,
Arunachal Pradesh,2025,4,Rural,101.24,2.82
Arunachal Pradesh,2025,4,Urban,101.51,
Arunachal Pradesh,2025,5,Combined,101.73,
Arunachal Pradesh,2025,5,Rural,101.75,3.26
Arunachal Pradesh,2025,5,Urban,101.67,
Arunachal Pradesh,2025,6,Combined,102.38,
Arunachal Pradesh,2025,6,Rural,102.51,3.39
Arunachal Pradesh,2025,6,Urban,102.02,
Arunachal Pradesh,2025,7,Combined,102.49,
Arunachal Pradesh,2025,7,Rural,102.59,2.96
Arunachal Pradesh,2025,7,Urban,102.22,
Arunachal Pradesh,2025,8,Combined,103.09,
Arunachal Pradesh,2025,8,Rural,103.24,2.18
Arunachal Pradesh,2025,8,Urban,102.67,
Arunachal Pradesh,2025,9,Combined,103.28,
Arunachal Pradesh,2025,9,Rural,103.32,2.17
Arunachal Pradesh,2025,9,Urban,103.15,
Arunachal Pradesh,2025,10,Combined,103.17,
Arunachal Pradesh,2025,10,Rural,103.16,1.20
Arunachal Pradesh,2025,10,Urban,103.19,
Arunachal Pradesh,2025,11,Combined,103.00,
Arunachal Pradesh,2025,11,Rural,102.94,1.10
Arunachal Pradesh,2025,11,Urban,103.17,
Arunachal Pradesh,2025,12,Combined,102.92,
Arunachal Pradesh,2025,12,Rural,102.89,1.91
Arunachal Pradesh,2025,12,Urban,103.02,
Arunachal Pradesh,2026,1,Combined,102.79,1.35
Arunachal Pradesh,2026,1,Rural,102.66,1.31
Arunachal Pradesh,2026,1,Urban,103.16,1.44
Arunachal Pradesh,2026,2,Combined,102.98,1.90
Arunachal Pradesh,2026,2,Rural,102.90,1.93
Arunachal Pradesh,2026,2,Urban,103.21,1.81
Arunachal Pradesh,2026,3,Combined,103.34,2.31
Arunachal Pradesh,2026,3,Rural,103.37,2.53
Arunachal Pradesh,2026,3,Urban,103.24,1.68
Arunachal Pradesh,2026,4,Combined,103.42,2.08
Arunachal Pradesh,2026,4,Rural,103.39,2.13
Arunachal Pradesh,2026,4,Urban,103.50,1.95
Arunachal Pradesh,2026,5,Combined,104.36,2.58
Arunachal Pradesh,2026,5,Rural,104.35,2.56
Arunachal Pradesh,2026,5,Urban,104.37,2.66
Arunachal Pradesh,2026,6,Combined,104.91,2.47
Arunachal Pradesh,2026,6,Rural,104.90,2.33
Arunachal Pradesh,2026,6,Urban,104.94,2.87
Arunachal Pradesh,2026,7,Combined,105.12,2.56
Arunachal Pradesh,2026,7,Rural,105.13,2.48
Arunachal Pradesh,2026,7,Urban,105.08,2.79
Arunachal Pradesh,2026,8,Combined,106.30,3.11
Arunachal Pradesh,2026,8,Rural,106.34,3.00
Arunachal Pradesh,2026,8,Urban,106.20,3.44
Assam,2025,1,Combined,102.15,4.61
Assam,2025,1,Rural,102.39,4.60
Assam,2025,1,Urban,101.23,4.56
Assam,2025,2,Combined,100.92,4.25
Assam,2025,2,Rural,100.98,4.13
Assam,2025,2,Urban,100.67,4.68
Assam,2025,3,Combined,101.02,3.66
Assam,2025,3,Rural,101.00,3.38
Assam,2025,3,Urban,101.06,4.98
Assam,2025,4,Combined,100.89,2.85
Assam,2025,4,Rural,100.87,2.58
Assam,2025,4,Urban,100.97,3.92
Assam,2025,5,Combined,101.29,2.37
Assam,2025,5,Rural,101.21,2.05
Assam,2025,5,Urban,101.57,3.57
Assam,2025,6,Combined,101.59,1.77
Assam,2025,6,Rural,101.52,1.35
Assam,2025,6,Urban,101.86,3.56
Assam,2025,7,Combined,102.14,-0.61
Assam,2025,7,Rural,102.22,-1.27
Assam,2025,7,Urban,101.87,1.98
Assam,2025,8,Combined,102.33,-0.66
Assam,2025,8,Rural,102.37,-1.27
Assam,2025,8,Urban,102.15,1.81
Assam,2025,9,Combined,103.26,-0.61
Assam,2025,9,Rural,103.36,-1.26
Assam,2025,9,Urban,102.87,2.07
Assam,2025,10,Combined,103.64,-1.55
Assam,2025,10,Rural,103.78,-2.19
Assam,2025,10,Urban,103.09,0.86
Assam,2025,11,Combined,103.54,-0.85
Assam,2025,11,Rural,103.74,-1.25
Assam,2025,11,Urban,102.78,0.61
Assam,2025,12,Combined,103.41,-1.20
Assam,2025,12,Rural,103.61,-1.65
Assam,2025,12,Urban,102.63,0.46
Assam,2026,1,Combined,102.96,0.80
Assam,2026,1,Rural,103.09,0.69
Assam,2026,1,Urban,102.47,1.22
Assam,2026,2,Combined,103.26,2.33
Assam,2026,2,Rural,103.41,2.40
Assam,2026,2,Urban,102.72,2.04
Assam,2026,3,Combined,103.88,2.83
Assam,2026,3,Rural,104.14,3.11
Assam,2026,3,Urban,102.86,1.78
Assam,2026,4,Combined,104.14,3.22
Assam,2026,4,Rural,104.33,3.43
Assam,2026,4,Urban,103.40,2.41
Assam,2026,5,Combined,104.77,3.44
Assam,2026,5,Rural,105.05,3.79
Assam,2026,5,Urban,103.69,2.09
Assam,2026,6,Combined,105.23,3.58
Assam,2026,6,Rural,105.51,3.93
Assam,2026,6,Urban,104.16,2.25
Assam,2026,7,Combined,105.71,3.49
Assam,2026,7,Rural,106.03,3.74
Assam,2026,7,Urban,104.45,2.53
Assam,2026,8,Combined,107.27,4.84
Assam,2026,8,Rural,107.76,5.26
Assam,2026,8,Urban,105.41,3.19
Bihar,2025,1,Combined,101.56,5.06
Bihar,2025,1,Rural,101.63,4.86
Bihar,2025,1,Urban,101.14,5.90
Bihar,2025,2,Combined,100.97,4.47
Bihar,2025,2,Rural,100.98,4.33
Bihar,2025,2,Urban,100.91,5.16
Bihar,2025,3,Combined,100.98,3.11
Bihar,2025,3,Rural,101.00,2.85
Bihar,2025,3,Urban,100.90,4.50
Bihar,2025,4,Combined,101.24,2.90
Bihar,2025,4,Rural,101.25,2.70
Bihar,2025,4,Urban,101.19,4.22
Bihar,2025,5,Combined,101.48,1.52
Bihar,2025,5,Rural,101.45,1.20
Bihar,2025,5,Urban,101.62,3.40
Bihar,2025,6,Combined,101.96,0.80
Bihar,2025,6,Rural,101.94,0.48
Bihar,2025,6,Urban,102.07,2.75
Bihar,2025,7,Combined,103.14,-0.10
Bihar,2025,7,Rural,103.17,-0.42
Bihar,2025,7,Urban,102.94,1.62
Bihar,2025,8,Combined,103.63,0.52
Bihar,2025,8,Rural,103.79,0.31
Bihar,2025,8,Urban,102.70,1.86
Bihar,2025,9,Combined,103.26,-0.51
Bihar,2025,9,Rural,103.40,-0.77
Bihar,2025,9,Urban,102.37,0.80
Bihar,2025,10,Combined,103.49,-1.97
Bihar,2025,10,Rural,103.68,-2.28
Bihar,2025,10,Urban,102.37,-0.20
Bihar,2025,11,Combined,103.72,-1.67
Bihar,2025,11,Rural,103.94,-1.83
Bihar,2025,11,Urban,102.42,-0.49
Bihar,2025,12,Combined,103.48,-1.37
Bihar,2025,12,Rural,103.71,-1.53
Bihar,2025,12,Urban,102.10,-0.30
Bihar,2026,1,Combined,104.09,2.49
Bihar,2026,1,Rural,104.38,2.70
Bihar,2026,1,Urban,102.39,1.24
Bihar,2026,2,Combined,103.85,2.85
Bihar,2026,2,Rural,104.09,3.08
Bihar,2026,2,Urban,102.41,1.48
Bihar,2026,3,Combined,103.93,2.92
Bihar,2026,3,Rural,104.14,3.11
Bihar,2026,3,Urban,102.70,1.78
Bihar,2026,4,Combined,104.02,2.74
Bihar,2026,4,Rural,104.17,2.88
Bihar,2026,4,Urban,103.10,1.88
Bihar,2026,5,Combined,104.46,2.94
Bihar,2026,5,Rural,104.57,3.07
Bihar,2026,5,Urban,103.77,2.12
Bihar,2026,6,Combined,105.31,3.29
Bihar,2026,6,Rural,105.40,3.39
Bihar,2026,6,Urban,104.80,2.68
Bihar,2026,7,Combined,106.84,3.59
Bihar,2026,7,Rural,107.01,3.72
Bihar,2026,7,Urban,105.85,2.83
Bihar,2026,8,Combined,108.00,4.22
Bihar,2026,8,Rural,108.23,4.28
Bihar,2026,8,Urban,106.66,3.86
Chandigarh,2025,1,Combined,101.33,5.14
Chandigarh,2025,1,Urban,101.33,5.10
Chandigarh,2025,2,Combined,101.05,3.42
Chandigarh,2025,2,Urban,101.05,3.32
Chandigarh,2025,3,Combined,101.02,3.36
Chandigarh,2025,3,Urban,101.02,3.31
Chandigarh,2025,4,Combined,101.41,3.33
Chandigarh,2025,4,Urban,101.41,3.28
Chandigarh,2025,5,Combined,102.06,3.50
Chandigarh,2025,5,Urban,102.06,3.46
Chandigarh,2025,6,Combined,102.87,2.95
Chandigarh,2025,6,Urban,102.87,2.96
Chandigarh,2025,7,Combined,103.59,2.24
Chandigarh,2025,7,Urban,103.59,2.30
Chandigarh,2025,8,Combined,103.96,2.00
Chandigarh,2025,8,Urban,103.96,1.95
Chandigarh,2025,9,Combined,104.40,2.44
Chandigarh,2025,9,Urban,104.40,2.45
Chandigarh,2025,10,Combined,103.94,0.22
Chandigarh,2025,10,Urban,103.94,0.27
Chandigarh,2025,11,Combined,103.54,0.33
Chandigarh,2025,11,Urban,103.54,0.39
Chandigarh,2025,12,Combined,103.74,0.55
Chandigarh,2025,12,Urban,103.74,0.61
Chandigarh,2026,1,Combined,103.72,2.36
Chandigarh,2026,1,Urban,103.72,2.36
Chandigarh,2026,2,Combined,103.79,2.71
Chandigarh,2026,2,Urban,103.79,2.71
Chandigarh,2026,3,Combined,104.21,3.17
Chandigarh,2026,3,Urban,104.21,3.17
Chandigarh,2026,4,Combined,105.02,3.57
Chandigarh,2026,4,Urban,105.02,3.57
Chandigarh,2026,5,Combined,105.94,3.80
Chandigarh,2026,5,Urban,105.94,3.80
Chandigarh,2026,6,Combined,107.27,4.28
Chandigarh,2026,6,Urban,107.27,4.28
Chandigarh,2026,7,Combined,108.04,4.30
Chandigarh,2026,7,Urban,108.04,4.30
Chandigarh,2026,8,Combined,108.14,4.02
Chandigarh,2026,8,Urban,108.14,4.02
Chhattisgarh,2025,1,Combined,101.21,5.79
Chhattisgarh,2025,1,Rural,101.09,6.79
Chhattisgarh,2025,1,Urban,101.43,4.22
Chhattisgarh,2025,2,Combined,100.19,4.89
Chhattisgarh,2025,2,Rural,100.12,5.60
Chhattisgarh,2025,2,Urban,100.32,3.78
Chhattisgarh,2025,3,Combined,100.47,4.31
Chhattisgarh,2025,3,Rural,100.39,4.74
Chhattisgarh,2025,3,Urban,100.62,3.61
Chhattisgarh,2025,4,Combined,100.08,3.09
Chhattisgarh,2025,4,Rural,99.88,3.30
Chhattisgarh,2025,4,Urban,100.46,2.78
Chhattisgarh,2025,5,Combined,100.04,3.31
Chhattisgarh,2025,5,Rural,99.70,3.63
Chhattisgarh,2025,5,Urban,100.69,2.72
Chhattisgarh,2025,6,Combined,100.58,2.38
Chhattisgarh,2025,6,Rural,100.25,2.80
Chhattisgarh,2025,6,Urban,101.21,1.68
Chhattisgarh,2025,7,Combined,102.16,1.79
Chhattisgarh,2025,7,Rural,101.97,2.10
Chhattisgarh,2025,7,Urban,102.52,1.21
Chhattisgarh,2025,8,Combined,102.76,1.77
Chhattisgarh,2025,8,Rural,102.84,2.07
Chhattisgarh,2025,8,Urban,102.59,1.20
Chhattisgarh,2025,9,Combined,102.52,0.64
Chhattisgarh,2025,9,Rural,102.53,1.00
Chhattisgarh,2025,9,Urban,102.51,0.16
Chhattisgarh,2025,10,Combined,102.42,-1.20
Chhattisgarh,2025,10,Rural,102.42,-1.03
Chhattisgarh,2025,10,Urban,102.43,-1.49
Chhattisgarh,2025,11,Combined,103.42,-0.83
Chhattisgarh,2025,11,Rural,103.67,-1.08
Chhattisgarh,2025,11,Urban,102.94,-0.32
Chhattisgarh,2025,12,Combined,103.51,0.32
Chhattisgarh,2025,12,Rural,103.88,0.00
Chhattisgarh,2025,12,Urban,102.79,0.75
Chhattisgarh,2026,1,Combined,102.89,1.66
Chhattisgarh,2026,1,Rural,103.13,2.02
Chhattisgarh,2026,1,Urban,102.42,0.98
Chhattisgarh,2026,2,Combined,101.99,1.80
Chhattisgarh,2026,2,Rural,102.13,2.02
Chhattisgarh,2026,2,Urban,101.72,1.39
Chhattisgarh,2026,3,Combined,101.82,1.35
Chhattisgarh,2026,3,Rural,101.74,1.35
Chhattisgarh,2026,3,Urban,101.98,1.35
Chhattisgarh,2026,4,Combined,101.84,1.77
Chhattisgarh,2026,4,Rural,101.76,1.89
Chhattisgarh,2026,4,Urban,102.00,1.53
Chhattisgarh,2026,5,Combined,102.90,2.87
Chhattisgarh,2026,5,Rural,102.94,3.25
Chhattisgarh,2026,5,Urban,102.85,2.14
Chhattisgarh,2026,6,Combined,104.50,3.90
Chhattisgarh,2026,6,Rural,104.69,4.43
Chhattisgarh,2026,6,Urban,104.14,2.90
Chhattisgarh,2026,7,Combined,105.59,3.37
Chhattisgarh,2026,7,Rural,105.88,3.84
Chhattisgarh,2026,7,Urban,105.04,2.46
Chhattisgarh,2026,8,Combined,106.64,3.78
Chhattisgarh,2026,8,Rural,107.08,4.12
Chhattisgarh,2026,8,Urban,105.81,3.14
Goa,2025,1,Combined,101.58,4.64
Goa,2025,1,Rural,101.85,4.93
Goa,2025,1,Urban,101.43,4.40
Goa,2025,2,Combined,101.55,4.64
Goa,2025,2,Rural,101.83,5.93
Goa,2025,2,Urban,101.40,3.82
Goa,2025,3,Combined,101.61,5.57
Goa,2025,3,Rural,101.81,7.41
Goa,2025,3,Urban,101.49,4.46
Goa,2025,4,Combined,102.04,6.54
Goa,2025,4,Rural,102.35,10.04
Goa,2025,4,Urban,101.87,4.38
Goa,2025,5,Combined,102.34,7.11
Goa,2025,5,Rural,102.58,10.77
Goa,2025,5,Urban,102.21,4.78
Goa,2025,6,Combined,102.66,5.51
Goa,2025,6,Rural,103.01,8.10
Goa,2025,6,Urban,102.47,3.89
Goa,2025,7,Combined,102.84,6.12
Goa,2025,7,Rural,103.30,10.48
Goa,2025,7,Urban,102.59,3.30
Goa,2025,8,Combined,103.06,4.00
Goa,2025,8,Rural,103.47,6.11
Goa,2025,8,Urban,102.83,2.67
Goa,2025,9,Combined,103.06,3.82
Goa,2025,9,Rural,103.47,5.86
Goa,2025,9,Urban,102.83,2.55
Goa,2025,10,Combined,102.91,3.41
Goa,2025,10,Rural,103.24,5.97
Goa,2025,10,Urban,102.73,1.82
Goa,2025,11,Combined,102.79,3.24
Goa,2025,11,Rural,103.02,6.01
Goa,2025,11,Urban,102.66,1.49
Goa,2025,12,Combined,103.08,3.56
Goa,2025,12,Rural,103.27,6.37
Goa,2025,12,Urban,102.97,1.81
Goa,2026,1,Combined,103.53,1.92
Goa,2026,1,Rural,103.44,1.56
Goa,2026,1,Urban,103.58,2.12
Goa,2026,2,Combined,103.76,2.18
Goa,2026,2,Rural,103.41,1.56
Goa,2026,2,Urban,103.95,2.52
Goa,2026,3,Combined,103.86,2.22
Goa,2026,3,Rural,103.55,1.71
Goa,2026,3,Urban,104.03,2.50
Goa,2026,4,Combined,104.28,2.19
Goa,2026,4,Rural,104.07,1.68
Goa,2026,4,Urban,104.39,2.48
Goa,2026,5,Combined,104.87,2.47
Goa,2026,5,Rural,104.63,2.00
Goa,2026,5,Urban,105.00,2.73
Goa,2026,6,Combined,105.84,3.09
Goa,2026,6,Rural,105.66,2.58
Goa,2026,6,Urban,105.93,3.38
Goa,2026,7,Combined,106.29,3.35
Goa,2026,7,Rural,106.27,2.87
Goa,2026,7,Urban,106.30,3.61
Goa,2026,8,Combined,106.73,3.56
Goa,2026,8,Rural,106.78,3.20
Goa,2026,8,Urban,106.70,3.76
Gujarat,2025,1,Combined,101.04,3.82
Gujarat,2025,1,Rural,100.99,3.70
Gujarat,2025,1,Urban,101.08,3.87
Gujarat,2025,2,Combined,100.93,2.98
Gujarat,2025,2,Rural,100.83,3.10
Gujarat,2025,2,Urban,101.00,2.82
Gujarat,2025,3,Combined,100.88,2.63
Gujarat,2025,3,Rural,100.62,2.61
Gujarat,2025,3,Urban,101.06,2.70
Gujarat,2025,4,Combined,101.11,2.51
Gujarat,2025,4,Rural,100.94,2.49
Gujarat,2025,4,Urban,101.23,2.46
Gujarat,2025,5,Combined,101.49,2.67
Gujarat,2025,5,Rural,101.24,2.53
Gujarat,2025,5,Urban,101.66,2.79
Gujarat,2025,6,Combined,102.19,1.97
Gujarat,2025,6,Rural,101.99,1.59
Gujarat,2025,6,Urban,102.33,2.24
Gujarat,2025,7,Combined,103.10,1.56
Gujarat,2025,7,Rural,103.07,1.42
Gujarat,2025,7,Urban,103.12,1.65
Gujarat,2025,8,Combined,102.89,1.24
Gujarat,2025,8,Rural,102.75,1.26
Gujarat,2025,8,Urban,102.99,1.26
Gujarat,2025,9,Combined,103.12,0.59
Gujarat,2025,9,Rural,102.84,0.83
Gujarat,2025,9,Urban,103.32,0.33
Gujarat,2025,10,Combined,102.84,-0.58
Gujarat,2025,10,Rural,102.71,-0.21
Gujarat,2025,10,Urban,102.92,-0.81
Gujarat,2025,11,Combined,103.42,0.53
Gujarat,2025,11,Rural,103.51,0.46
Gujarat,2025,11,Urban,103.37,0.54
Gujarat,2025,12,Combined,103.32,1.33
Gujarat,2025,12,Rural,103.38,1.14
Gujarat,2025,12,Urban,103.28,1.53
Gujarat,2026,1,Combined,103.16,2.10
Gujarat,2026,1,Rural,103.01,2.01
Gujarat,2026,1,Urban,103.26,2.16
Gujarat,2026,2,Combined,103.74,2.79
Gujarat,2026,2,Rural,103.96,3.11
Gujarat,2026,2,Urban,103.59,2.57
Gujarat,2026,3,Combined,103.96,3.05
Gujarat,2026,3,Rural,104.17,3.53
Gujarat,2026,3,Urban,103.82,2.73
Gujarat,2026,4,Combined,103.99,2.85
Gujarat,2026,4,Rural,104.18,3.21
Gujarat,2026,4,Urban,103.86,2.60
Gujarat,2026,5,Combined,104.80,3.27
Gujarat,2026,5,Rural,105.01,3.73
Gujarat,2026,5,Urban,104.66,2.95
Gujarat,2026,6,Combined,106.29,4.01
Gujarat,2026,6,Rural,106.47,4.39
Gujarat,2026,6,Urban,106.17,3.74
Gujarat,2026,7,Combined,107.24,4.02
Gujarat,2026,7,Rural,107.43,4.23
Gujarat,2026,7,Urban,107.11,3.87
Gujarat,2026,8,Combined,107.98,4.94
Gujarat,2026,8,Rural,108.22,5.32
Gujarat,2026,8,Urban,107.81,4.68
Haryana,2025,1,Combined,101.80,5.10
Haryana,2025,1,Rural,101.99,5.56
Haryana,2025,1,Urban,101.61,4.64
Haryana,2025,2,Combined,101.65,4.27
Haryana,2025,2,Rural,101.70,4.53
Haryana,2025,2,Urban,101.60,3.95
Haryana,2025,3,Combined,102.04,3.86
Haryana,2025,3,Rural,101.82,3.86
Haryana,2025,3,Urban,102.26,3.82
Haryana,2025,4,Combined,102.09,3.51
Haryana,2025,4,Rural,101.94,3.31
Haryana,2025,4,Urban,102.24,3.75
Haryana,2025,5,Combined,102.48,3.67
Haryana,2025,5,Rural,102.34,3.73
Haryana,2025,5,Urban,102.61,3.57
Haryana,2025,6,Combined,102.93,3.15
Haryana,2025,6,Rural,102.87,3.17
Haryana,2025,6,Urban,102.99,3.08
Haryana,2025,7,Combined,104.04,1.61
Haryana,2025,7,Rural,104.06,1.72
Haryana,2025,7,Urban,104.01,1.51
Haryana,2025,8,Combined,104.74,2.29
Haryana,2025,8,Rural,104.88,2.47
Haryana,2025,8,Urban,104.60,2.16
Haryana,2025,9,Combined,104.95,1.14
Haryana,2025,9,Rural,105.09,1.05
Haryana,2025,9,Urban,104.80,1.23
Haryana,2025,10,Combined,104.99,-0.51
Haryana,2025,10,Rural,104.96,-1.28
Haryana,2025,10,Urban,105.02,0.43
Haryana,2025,11,Combined,104.43,-0.26
Haryana,2025,11,Rural,104.45,-1.19
Haryana,2025,11,Urban,104.41,0.91
Haryana,2025,12,Combined,104.26,-0.10
Haryana,2025,12,Rural,104.23,-0.85
Haryana,2025,12,Urban,104.30,0.75
Haryana,2026,1,Combined,104.39,2.55
Haryana,2026,1,Rural,104.42,2.39
Haryana,2026,1,Urban,104.37,2.71
Haryana,2026,2,Combined,104.52,2.83
Haryana,2026,2,Rural,104.61,2.86
Haryana,2026,2,Urban,104.44,2.80
Haryana,2026,3,Combined,104.78,2.68
Haryana,2026,3,Rural,104.87,2.99
Haryana,2026,3,Urban,104.70,2.38
Haryana,2026,4,Combined,105.14,2.98
Haryana,2026,4,Rural,105.35,3.34
Haryana,2026,4,Urban,104.92,2.62
Haryana,2026,5,Combined,105.65,3.10
Haryana,2026,5,Rural,105.85,3.42
Haryana,2026,5,Urban,105.46,2.77
Haryana,2026,6,Combined,106.85,3.81
Haryana,2026,6,Rural,107.11,4.12
Haryana,2026,6,Urban,106.59,3.49
Haryana,2026,7,Combined,108.02,3.83
Haryana,2026,7,Rural,108.52,4.29
Haryana,2026,7,Urban,107.52,3.37
Haryana,2026,8,Combined,108.85,3.92
Haryana,2026,8,Rural,109.56,4.46
Haryana,2026,8,Urban,108.14,3.38
Himachal Pradesh,2025,1,Combined,101.80,4.19
Himachal Pradesh,2025,1,Rural,101.82,4.21
Himachal Pradesh,2025,1,Urban,101.71,3.98
Himachal Pradesh,2025,2,Combined,101.78,3.25
Himachal Pradesh,2025,2,Rural,101.83,3.27
Himachal Pradesh,2025,2,Urban,101.53,3.18
Himachal Pradesh,2025,3,Combined,101.69,3.20
Himachal Pradesh,2025,3,Rural,101.70,3.16
Himachal Pradesh,2025,3,Urban,101.65,3.36
Himachal Pradesh,2025,4,Combined,101.74,2.66
Himachal Pradesh,2025,4,Rural,101.68,2.68
Himachal Pradesh,2025,4,Urban,102.07,2.72
Himachal Pradesh,2025,5,Combined,102.46,2.89
Himachal Pradesh,2025,5,Rural,102.39,3.02
Himachal Pradesh,2025,5,Urban,102.79,2.50
Himachal Pradesh,2025,6,Combined,103.20,3.04
Himachal Pradesh,2025,6,Rural,103.20,3.11
Himachal Pradesh,2025,6,Urban,103.21,2.81
Himachal Pradesh,2025,7,Combined,104.05,2.21
Himachal Pradesh,2025,7,Rural,104.08,2.27
Himachal Pradesh,2025,7,Urban,103.89,2.18
Himachal Pradesh,2025,8,Combined,104.85,2.75
Himachal Pradesh,2025,8,Rural,104.89,2.87
Himachal Pradesh,2025,8,Urban,104.60,2.27
Himachal Pradesh,2025,9,Combined,105.32,2.74
Himachal Pradesh,2025,9,Rural,105.33,2.98
Himachal Pradesh,2025,9,Urban,105.27,1.66
Himachal Pradesh,2025,10,Combined,105.19,1.24
Himachal Pradesh,2025,10,Rural,105.20,1.52
Himachal Pradesh,2025,10,Urban,105.17,0.05
Himachal Pradesh,2025,11,Combined,104.84,0.92
Himachal Pradesh,2025,11,Rural,104.80,1.09
Himachal Pradesh,2025,11,Urban,105.09,-0.05
Himachal Pradesh,2025,12,Combined,104.69,1.09
Himachal Pradesh,2025,12,Rural,104.58,1.26
Himachal Pradesh,2025,12,Urban,105.25,0.37
Himachal Pradesh,2026,1,Combined,104.78,2.93
Himachal Pradesh,2026,1,Rural,104.73,2.87
Himachal Pradesh,2026,1,Urban,105.04,3.27
Himachal Pradesh,2026,2,Combined,104.78,2.94
Himachal Pradesh,2026,2,Rural,104.67,2.79
Himachal Pradesh,2026,2,Urban,105.36,3.77
Himachal Pradesh,2026,3,Combined,104.79,3.05
Himachal Pradesh,2026,3,Rural,104.63,2.88
Himachal Pradesh,2026,3,Urban,105.64,3.92
Himachal Pradesh,2026,4,Combined,105.45,3.64
Himachal Pradesh,2026,4,Rural,105.29,3.55
Himachal Pradesh,2026,4,Urban,106.31,4.15
Himachal Pradesh,2026,5,Combined,105.58,3.05
Himachal Pradesh,2026,5,Rural,105.33,2.87
Himachal Pradesh,2026,5,Urban,106.93,4.03
Himachal Pradesh,2026,6,Combined,106.63,3.33
Himachal Pradesh,2026,6,Rural,106.41,3.11
Himachal Pradesh,2026,6,Urban,107.84,4.48
Himachal Pradesh,2026,7,Combined,107.83,3.63
Himachal Pradesh,2026,7,Rural,107.67,3.45
Himachal Pradesh,2026,7,Urban,108.70,4.63
Himachal Pradesh,2026,8,Combined,108.88,3.85
Himachal Pradesh,2026,8,Rural,108.79,3.72
Himachal Pradesh,2026,8,Urban,109.37,4.56
Jammu And Kashmir,2025,1,Combined,102.83,4.87
Jammu And Kashmir,2025,1,Rural,103.20,5.40
Jammu And Kashmir,2025,1,Urban,101.89,3.94
Jammu And Kashmir,2025,2,Combined,102.50,4.23
Jammu And Kashmir,2025,2,Rural,102.80,4.71
Jammu And Kashmir,2025,2,Urban,101.71,3.40
Jammu And Kashmir,2025,3,Combined,102.62,3.95
Jammu And Kashmir,2025,3,Rural,102.91,4.32
Jammu And Kashmir,2025,3,Urban,101.89,3.29
Jammu And Kashmir,2025,4,Combined,102.66,4.25
Jammu And Kashmir,2025,4,Rural,102.89,4.62
Jammu And Kashmir,2025,4,Urban,102.09,3.63
Jammu And Kashmir,2025,5,Combined,102.80,4.55
Jammu And Kashmir,2025,5,Rural,103.02,4.82
Jammu And Kashmir,2025,5,Urban,102.22,4.04
Jammu And Kashmir,2025,6,Combined,103.06,4.38
Jammu And Kashmir,2025,6,Rural,103.29,4.64
Jammu And Kashmir,2025,6,Urban,102.45,3.98
Jammu And Kashmir,2025,7,Combined,103.72,3.77
Jammu And Kashmir,2025,7,Rural,104.05,4.04
Jammu And Kashmir,2025,7,Urban,102.87,3.27
Jammu And Kashmir,2025,8,Combined,104.25,3.75
Jammu And Kashmir,2025,8,Rural,104.61,4.21
Jammu And Kashmir,2025,8,Urban,103.35,2.89
Jammu And Kashmir,2025,9,Combined,104.97,4.23
Jammu And Kashmir,2025,9,Rural,105.36,4.79
Jammu And Kashmir,2025,9,Urban,103.98,3.24
Jammu And Kashmir,2025,10,Combined,104.55,2.95
Jammu And Kashmir,2025,10,Rural,104.87,3.37
Jammu And Kashmir,2025,10,Urban,103.73,2.10
Jammu And Kashmir,2025,11,Combined,104.41,2.31
Jammu And Kashmir,2025,11,Rural,104.71,2.53
Jammu And Kashmir,2025,11,Urban,103.67,1.79
Jammu And Kashmir,2025,12,Combined,104.26,2.31
Jammu And Kashmir,2025,12,Rural,104.53,2.53
Jammu And Kashmir,2025,12,Urban,103.55,1.85
Jammu And Kashmir,2026,1,Combined,104.21,1.34
Jammu And Kashmir,2026,1,Rural,104.38,1.13
Jammu And Kashmir,2026,1,Urban,103.79,1.87
Jammu And Kashmir,2026,2,Combined,104.40,1.86
Jammu And Kashmir,2026,2,Rural,104.63,1.77
Jammu And Kashmir,2026,2,Urban,103.83,2.09
Jammu And Kashmir,2026,3,Combined,104.89,2.21
Jammu And Kashmir,2026,3,Rural,105.00,2.03
Jammu And Kashmir,2026,3,Urban,104.60,2.66
Jammu And Kashmir,2026,4,Combined,105.41,2.68
Jammu And Kashmir,2026,4,Rural,105.60,2.64
Jammu And Kashmir,2026,4,Urban,104.94,2.79
Jammu And Kashmir,2026,5,Combined,105.72,2.85
Jammu And Kashmir,2026,5,Rural,105.91,2.80
Jammu And Kashmir,2026,5,Urban,105.24,2.96
Jammu And Kashmir,2026,6,Combined,106.68,3.52
Jammu And Kashmir,2026,6,Rural,106.91,3.50
Jammu And Kashmir,2026,6,Urban,106.10,3.56
Jammu And Kashmir,2026,7,Combined,107.74,3.87
Jammu And Kashmir,2026,7,Rural,107.94,3.74
Jammu And Kashmir,2026,7,Urban,107.22,4.23
Jammu And Kashmir,2026,8,Combined,108.51,4.09
Jammu And Kashmir,2026,8,Rural,108.76,3.97
Jammu And Kashmir,2026,8,Urban,107.89,4.39
Jharkhand,2025,1,Combined,101.76,2.56
Jharkhand,2025,1,Rural,101.98,1.85
Jharkhand,2025,1,Urban,101.32,3.75
Jharkhand,2025,2,Combined,101.10,2.63
Jharkhand,2025,2,Rural,101.21,2.42
Jharkhand,2025,2,Urban,100.88,2.99
Jharkhand,2025,3,Combined,100.63,2.08
Jharkhand,2025,3,Rural,100.70,1.42
Jharkhand,2025,3,Urban,100.51,3.15
Jharkhand,2025,4,Combined,100.88,2.18
Jharkhand,2025,4,Rural,100.94,1.54
Jharkhand,2025,4,Urban,100.76,3.19
Jharkhand,2025,5,Combined,100.53,2.12
Jharkhand,2025,5,Rural,100.62,1.59
Jharkhand,2025,5,Urban,100.35,3.00
Jharkhand,2025,6,Combined,101.22,1.02
Jharkhand,2025,6,Rural,101.37,0.05
Jharkhand,2025,6,Urban,100.93,2.54
Jharkhand,2025,7,Combined,103.15,2.06
Jharkhand,2025,7,Rural,103.37,1.55
Jharkhand,2025,7,Urban,102.71,2.91
Jharkhand,2025,8,Combined,104.23,2.62
Jharkhand,2025,8,Rural,104.83,2.01
Jharkhand,2025,8,Urban,103.06,3.63
Jharkhand,2025,9,Combined,103.78,1.36
Jharkhand,2025,9,Rural,104.30,0.84
Jharkhand,2025,9,Urban,102.79,2.21
Jharkhand,2025,10,Combined,103.88,-0.51
Jharkhand,2025,10,Rural,104.38,-1.29
Jharkhand,2025,10,Urban,102.91,0.66
Jharkhand,2025,11,Combined,103.76,-0.26
Jharkhand,2025,11,Rural,104.44,-1.03
Jharkhand,2025,11,Urban,102.45,1.07
Jharkhand,2025,12,Combined,103.57,1.09
Jharkhand,2025,12,Rural,104.19,0.05
Jharkhand,2025,12,Urban,102.37,2.74
Jharkhand,2026,1,Combined,103.81,2.02
Jharkhand,2026,1,Rural,104.45,2.42
Jharkhand,2026,1,Urban,102.57,1.23
Jharkhand,2026,2,Combined,103.76,2.63
Jharkhand,2026,2,Rural,104.42,3.17
Jharkhand,2026,2,Urban,102.50,1.60
Jharkhand,2026,3,Combined,103.73,3.08
Jharkhand,2026,3,Rural,104.32,3.60
Jharkhand,2026,3,Urban,102.58,2.06
Jharkhand,2026,4,Combined,103.78,2.88
Jharkhand,2026,4,Rural,104.28,3.30
Jharkhand,2026,4,Urban,102.82,2.05
Jharkhand,2026,5,Combined,104.41,3.86
Jharkhand,2026,5,Rural,104.90,4.25
Jharkhand,2026,5,Urban,103.46,3.10
Jharkhand,2026,6,Combined,105.56,4.29
Jharkhand,2026,6,Rural,106.08,4.65
Jharkhand,2026,6,Urban,104.55,3.59
Jharkhand,2026,7,Combined,106.76,3.50
Jharkhand,2026,7,Rural,107.41,3.91
Jharkhand,2026,7,Urban,105.51,2.72
Jharkhand,2026,8,Combined,107.50,3.14
Jharkhand,2026,8,Rural,108.37,3.37
Jharkhand,2026,8,Urban,105.81,2.67
Karnataka,2025,1,Combined,102.04,5.03
Karnataka,2025,1,Rural,102.28,5.16
Karnataka,2025,1,Urban,101.80,4.90
Karnataka,2025,2,Combined,101.98,4.49
Karnataka,2025,2,Rural,102.20,4.57
Karnataka,2025,2,Urban,101.77,4.47
Karnataka,2025,3,Combined,101.79,4.39
Karnataka,2025,3,Rural,101.88,4.04
Karnataka,2025,3,Urban,101.69,4.74
Karnataka,2025,4,Combined,102.14,4.26
Karnataka,2025,4,Rural,102.29,3.98
Karnataka,2025,4,Urban,101.99,4.55
Karnataka,2025,5,Combined,102.44,3.49
Karnataka,2025,5,Rural,102.63,3.10
Karnataka,2025,5,Urban,102.24,3.78
Karnataka,2025,6,Combined,103.00,2.75
Karnataka,2025,6,Rural,103.12,2.35
Karnataka,2025,6,Urban,102.88,3.14
Karnataka,2025,7,Combined,103.36,2.73
Karnataka,2025,7,Rural,103.38,2.03
Karnataka,2025,7,Urban,103.34,3.33
Karnataka,2025,8,Combined,103.62,3.87
Karnataka,2025,8,Rural,103.68,3.53
Karnataka,2025,8,Urban,103.56,4.15
Karnataka,2025,9,Combined,103.66,3.18
Karnataka,2025,9,Rural,103.70,2.79
Karnataka,2025,9,Urban,103.63,3.52
Karnataka,2025,10,Combined,103.61,2.34
Karnataka,2025,10,Rural,103.62,2.05
Karnataka,2025,10,Urban,103.60,2.53
Karnataka,2025,11,Combined,104.05,2.69
Karnataka,2025,11,Rural,104.22,2.45
Karnataka,2025,11,Urban,103.89,2.88
Karnataka,2025,12,Combined,104.52,2.99
Karnataka,2025,12,Rural,104.74,2.85
Karnataka,2025,12,Urban,104.31,3.14
Karnataka,2026,1,Combined,105.09,2.99
Karnataka,2026,1,Rural,105.32,2.97
Karnataka,2026,1,Urban,104.86,3.01
Karnataka,2026,2,Combined,105.39,3.34
Karnataka,2026,2,Rural,105.71,3.43
Karnataka,2026,2,Urban,105.08,3.25
Karnataka,2026,3,Combined,105.81,3.95
Karnataka,2026,3,Rural,106.20,4.23
Karnataka,2026,3,Urban,105.43,3.68
Karnataka,2026,4,Combined,106.23,4.00
Karnataka,2026,4,Rural,106.63,4.25
Karnataka,2026,4,Urban,105.84,3.77
Karnataka,2026,5,Combined,107.14,4.59
Karnataka,2026,5,Rural,107.59,4.83
Karnataka,2026,5,Urban,106.69,4.35
Karnataka,2026,6,Combined,107.94,4.79
Karnataka,2026,6,Rural,108.54,5.25
Karnataka,2026,6,Urban,107.35,4.34
Karnataka,2026,7,Combined,108.39,4.87
Karnataka,2026,7,Rural,108.99,5.42
Karnataka,2026,7,Urban,107.81,4.33
Karnataka,2026,8,Combined,109.04,5.23
Karnataka,2026,8,Rural,109.62,5.73
Karnataka,2026,8,Urban,108.46,4.74
Kerala,2025,1,Combined,101.94,6.76
Kerala,2025,1,Rural,102.23,7.31
Kerala,2025,1,Urban,101.70,5.81
Kerala,2025,2,Combined,101.88,7.31
Kerala,2025,2,Rural,102.12,8.01
Kerala,2025,2,Urban,101.69,5.94
Kerala,2025,3,Combined,101.83,6.59
Kerala,2025,3,Rural,101.85,7.29
Kerala,2025,3,Urban,101.81,5.29
Kerala,2025,4,Combined,102.22,6.04
Kerala,2025,4,Rural,102.36,6.56
Kerala,2025,4,Urban,102.10,4.96
Kerala,2025,5,Combined,102.85,6.51
Kerala,2025,5,Rural,103.17,6.93
Kerala,2025,5,Urban,102.59,5.65
Kerala,2025,6,Combined,104.35,6.76
Kerala,2025,6,Rural,104.75,7.31
Kerala,2025,6,Urban,104.02,5.79
Kerala,2025,7,Combined,105.24,8.94
Kerala,2025,7,Rural,105.57,10.02
Kerala,2025,7,Urban,104.98,6.92
Kerala,2025,8,Combined,104.95,9.04
Kerala,2025,8,Rural,105.50,10.05
Kerala,2025,8,Urban,104.50,7.19
Kerala,2025,9,Combined,104.75,8.85
Kerala,2025,9,Rural,105.30,9.84
Kerala,2025,9,Urban,104.30,7.03
Kerala,2025,10,Combined,104.23,8.56
Kerala,2025,10,Rural,104.55,9.64
Kerala,2025,10,Urban,103.98,6.51
Kerala,2025,11,Combined,104.71,8.27
Kerala,2025,11,Rural,105.11,9.34
Kerala,2025,11,Urban,104.38,6.28
Kerala,2025,12,Combined,105.21,9.49
Kerala,2025,12,Rural,105.84,10.77
Kerala,2025,12,Urban,104.71,7.13
Kerala,2026,1,Combined,105.69,3.68
Kerala,2026,1,Rural,106.51,4.19
Kerala,2026,1,Urban,105.02,3.26
Kerala,2026,2,Combined,105.44,3.49
Kerala,2026,2,Rural,106.17,3.97
Kerala,2026,2,Urban,104.85,3.11
Kerala,2026,3,Combined,105.51,3.62
Kerala,2026,3,Rural,106.24,4.31
Kerala,2026,3,Urban,104.92,3.06
Kerala,2026,4,Combined,106.07,3.77
Kerala,2026,4,Rural,106.79,4.32
Kerala,2026,4,Urban,105.49,3.32
Kerala,2026,5,Combined,107.27,4.30
Kerala,2026,5,Rural,108.03,4.72
Kerala,2026,5,Urban,106.65,3.96
Kerala,2026,6,Combined,108.88,4.34
Kerala,2026,6,Rural,110.07,5.08
Kerala,2026,6,Urban,107.92,3.74
Kerala,2026,7,Combined,109.46,4.01
Kerala,2026,7,Rural,110.75,4.90
Kerala,2026,7,Urban,108.42,3.28
Kerala,2026,8,Combined,109.85,4.67
Kerala,2026,8,Rural,111.12,5.32
Kerala,2026,8,Urban,108.81,4.13
Ladakh,2025,1,Combined,103.28,
Ladakh,2025,1,Rural,103.31,
Ladakh,2025,1,Urban,103.18,
Ladakh,2025,2,Combined,103.71,
Ladakh,2025,2,Rural,103.75,
Ladakh,2025,2,Urban,103.60,
Ladakh,2025,3,Combined,104.43,
Ladakh,2025,3,Rural,104.56,
Ladakh,2025,3,Urban,104.05,
Ladakh,2025,4,Combined,103.62,
Ladakh,2025,4,Rural,103.67,
Ladakh,2025,4,Urban,103.47,
Ladakh,2025,5,Combined,103.19,
Ladakh,2025,5,Rural,103.28,
Ladakh,2025,5,Urban,102.93,
Ladakh,2025,6,Combined,103.17,
Ladakh,2025,6,Rural,103.30,
Ladakh,2025,6,Urban,102.77,
Ladakh,2025,7,Combined,103.05,
Ladakh,2025,7,Rural,103.15,
Ladakh,2025,7,Urban,102.75,
Ladakh,2025,8,Combined,103.50,
Ladakh,2025,8,Rural,103.62,
Ladakh,2025,8,Urban,103.14,
Ladakh,2025,9,Combined,103.85,
Ladakh,2025,9,Rural,104.00,
Ladakh,2025,9,Urban,103.40,
Ladakh,2025,10,Combined,104.02,
Ladakh,2025,10,Rural,104.19,
Ladakh,2025,10,Urban,103.53,
Ladakh,2025,11,Combined,104.49,
Ladakh,2025,11,Rural,104.71,
Ladakh,2025,11,Urban,103.81,
Ladakh,2025,12,Combined,104.46,
Ladakh,2025,12,Rural,104.63,
Ladakh,2025,12,Urban,103.94,
Ladakh,2026,1,Combined,105.10,1.76
Ladakh,2026,1,Rural,105.30,1.92
Ladakh,2026,1,Urban,104.51,1.29
Ladakh,2026,2,Combined,105.32,1.55
Ladakh,2026,2,Rural,105.46,1.65
Ladakh,2026,2,Urban,104.91,1.26
Ladakh,2026,3,Combined,105.41,0.94
Ladakh,2026,3,Rural,105.41,0.82
Ladakh,2026,3,Urban,105.41,1.30
Ladakh,2026,4,Combined,105.71,2.02
Ladakh,2026,4,Rural,105.69,1.95
Ladakh,2026,4,Urban,105.79,2.24
Ladakh,2026,5,Combined,106.43,3.13
Ladakh,2026,5,Rural,106.60,3.21
Ladakh,2026,5,Urban,105.91,2.90
Ladakh,2026,6,Combined,107.33,4.03
Ladakh,2026,6,Rural,107.60,4.16
Ladakh,2026,6,Urban,106.51,3.64
Ladakh,2026,7,Combined,108.38,5.17
Ladakh,2026,7,Rural,108.88,5.55
Ladakh,2026,7,Urban,106.88,4.03
Ladakh,2026,8,Combined,108.94,5.26
Ladakh,2026,8,Rural,109.41,5.59
Ladakh,2026,8,Urban,107.51,4.24
Lakshadweep,2025,1,Combined,101.96,4.19
Lakshadweep,2025,1,Rural,101.94,1.49
Lakshadweep,2025,1,Urban,101.97,7.04
Lakshadweep,2025,2,Combined,101.74,6.63
Lakshadweep,2025,2,Rural,101.71,3.28
Lakshadweep,2025,2,Urban,101.75,10.26
Lakshadweep,2025,3,Combined,101.98,6.32
Lakshadweep,2025,3,Rural,101.67,3.61
Lakshadweep,2025,3,Urban,102.09,9.11
Lakshadweep,2025,4,Combined,102.16,6.85
Lakshadweep,2025,4,Rural,101.92,3.46
Lakshadweep,2025,4,Urban,102.26,10.44
Lakshadweep,2025,5,Combined,102.64,6.21
Lakshadweep,2025,5,Rural,102.27,3.50
Lakshadweep,2025,5,Urban,102.77,9.03
Lakshadweep,2025,6,Combined,103.80,6.28
Lakshadweep,2025,6,Rural,103.25,4.03
Lakshadweep,2025,6,Urban,104.01,8.49
Lakshadweep,2025,7,Combined,104.56,4.47
Lakshadweep,2025,7,Rural,103.43,2.52
Lakshadweep,2025,7,Urban,104.98,6.50
Lakshadweep,2025,8,Combined,105.27,6.25
Lakshadweep,2025,8,Rural,103.72,3.16
Lakshadweep,2025,8,Urban,105.86,9.54
Lakshadweep,2025,9,Combined,105.14,7.29
Lakshadweep,2025,9,Rural,103.88,3.81
Lakshadweep,2025,9,Urban,105.61,11.10
Lakshadweep,2025,10,Combined,104.44,7.51
Lakshadweep,2025,10,Rural,103.19,3.94
Lakshadweep,2025,10,Urban,104.91,11.24
Lakshadweep,2025,11,Combined,104.39,8.31
Lakshadweep,2025,11,Rural,103.63,4.91
Lakshadweep,2025,11,Urban,104.68,11.75
Lakshadweep,2025,12,Combined,104.74,7.02
Lakshadweep,2025,12,Rural,103.76,4.25
Lakshadweep,2025,12,Urban,105.11,9.75
Lakshadweep,2026,1,Combined,105.04,3.02
Lakshadweep,2026,1,Rural,104.27,2.28
Lakshadweep,2026,1,Urban,105.33,3.30
Lakshadweep,2026,2,Combined,105.40,3.60
Lakshadweep,2026,2,Rural,104.68,2.92
Lakshadweep,2026,2,Urban,105.68,3.86
Lakshadweep,2026,3,Combined,105.36,3.31
Lakshadweep,2026,3,Rural,104.41,2.69
Lakshadweep,2026,3,Urban,105.71,3.54
Lakshadweep,2026,4,Combined,105.65,3.42
Lakshadweep,2026,4,Rural,104.76,2.79
Lakshadweep,2026,4,Urban,105.99,3.65
Lakshadweep,2026,5,Combined,106.30,3.57
Lakshadweep,2026,5,Rural,105.34,3.00
Lakshadweep,2026,5,Urban,106.67,3.79
Lakshadweep,2026,6,Combined,107.02,3.10
Lakshadweep,2026,6,Rural,105.99,2.66
Lakshadweep,2026,6,Urban,107.41,3.27
Lakshadweep,2026,7,Combined,107.94,3.23
Lakshadweep,2026,7,Rural,106.96,3.41
Lakshadweep,2026,7,Urban,108.31,3.16
Lakshadweep,2026,8,Combined,108.58,3.14
Lakshadweep,2026,8,Rural,107.51,3.66
Lakshadweep,2026,8,Urban,108.98,2.95
Madhya Pradesh,2025,1,Combined,101.39,4.42
Madhya Pradesh,2025,1,Rural,101.57,5.17
Madhya Pradesh,2025,1,Urban,101.12,3.41
Madhya Pradesh,2025,2,Combined,100.97,3.34
Madhya Pradesh,2025,2,Rural,101.12,4.02
Madhya Pradesh,2025,2,Urban,100.73,2.39
Madhya Pradesh,2025,3,Combined,101.17,3.12
Madhya Pradesh,2025,3,Rural,101.27,3.47
Madhya Pradesh,2025,3,Urban,101.00,2.61
Madhya Pradesh,2025,4,Combined,101.57,2.63
Madhya Pradesh,2025,4,Rural,101.61,2.65
Madhya Pradesh,2025,4,Urban,101.51,2.71
Madhya Pradesh,2025,5,Combined,101.89,3.06
Madhya Pradesh,2025,5,Rural,101.98,3.08
Madhya Pradesh,2025,5,Urban,101.76,2.98
Madhya Pradesh,2025,6,Combined,102.24,1.85
Madhya Pradesh,2025,6,Rural,102.30,1.70
Madhya Pradesh,2025,6,Urban,102.14,2.05
Madhya Pradesh,2025,7,Combined,103.35,0.78
Madhya Pradesh,2025,7,Rural,103.47,0.52
Madhya Pradesh,2025,7,Urban,103.18,1.24
Madhya Pradesh,2025,8,Combined,103.70,1.24
Madhya Pradesh,2025,8,Rural,103.80,1.20
Madhya Pradesh,2025,8,Urban,103.53,1.29
Madhya Pradesh,2025,9,Combined,103.45,0.10
Madhya Pradesh,2025,9,Rural,103.42,-0.05
Madhya Pradesh,2025,9,Urban,103.50,0.41
Madhya Pradesh,2025,10,Combined,103.39,-1.62
Madhya Pradesh,2025,10,Rural,103.52,-2.32
Madhya Pradesh,2025,10,Urban,103.19,-0.61
Madhya Pradesh,2025,11,Combined,103.89,-1.06
Madhya Pradesh,2025,11,Rural,104.02,-1.66
Madhya Pradesh,2025,11,Urban,103.69,-0.15
Madhya Pradesh,2025,12,Combined,103.91,-0.25
Madhya Pradesh,2025,12,Rural,103.95,-0.81
Madhya Pradesh,2025,12,Urban,103.84,0.61
Madhya Pradesh,2026,1,Combined,104.15,2.72
Madhya Pradesh,2026,1,Rural,104.19,2.58
Madhya Pradesh,2026,1,Urban,104.09,2.94
Madhya Pradesh,2026,2,Combined,104.43,3.43
Madhya Pradesh,2026,2,Rural,104.57,3.41
Madhya Pradesh,2026,2,Urban,104.20,3.45
Madhya Pradesh,2026,3,Combined,104.69,3.48
Madhya Pradesh,2026,3,Rural,104.82,3.50
Madhya Pradesh,2026,3,Urban,104.49,3.45
Madhya Pradesh,2026,4,Combined,105.30,3.67
Madhya Pradesh,2026,4,Rural,105.47,3.80
Madhya Pradesh,2026,4,Urban,105.04,3.47
Madhya Pradesh,2026,5,Combined,106.15,4.17
Madhya Pradesh,2026,5,Rural,106.40,4.33
Madhya Pradesh,2026,5,Urban,105.76,3.93
Madhya Pradesh,2026,6,Combined,107.44,5.09
Madhya Pradesh,2026,6,Rural,107.68,5.26
Madhya Pradesh,2026,6,Urban,107.07,4.83
Madhya Pradesh,2026,7,Combined,108.43,4.91
Madhya Pradesh,2026,7,Rural,108.77,5.12
Madhya Pradesh,2026,7,Urban,107.91,4.58
Madhya Pradesh,2026,8,Combined,109.45,5.55
Madhya Pradesh,2026,8,Rural,109.95,5.93
Madhya Pradesh,2026,8,Urban,108.67,4.96
Maharashtra,2025,1,Combined,101.62,3.39
Maharashtra,2025,1,Rural,101.68,2.59
Maharashtra,2025,1,Urban,101.58,3.84
Maharashtra,2025,2,Combined,101.52,3.06
Maharashtra,2025,2,Rural,101.58,2.23
Maharashtra,2025,2,Urban,101.49,3.49
Maharashtra,2025,3,Combined,101.61,3.86
Maharashtra,2025,3,Rural,101.50,3.11
Maharashtra,2025,3,Urban,101.68,4.19
Maharashtra,2025,4,Combined,101.81,3.61
Maharashtra,2025,4,Rural,101.71,2.78
Maharashtra,2025,4,Urban,101.87,3.99
Maharashtra,2025,5,Combined,102.26,3.26
Maharashtra,2025,5,Rural,102.16,2.55
Maharashtra,2025,5,Urban,102.32,3.63
Maharashtra,2025,6,Combined,102.99,2.51
Maharashtra,2025,6,Rural,102.98,1.41
Maharashtra,2025,6,Urban,102.99,3.15
Maharashtra,2025,7,Combined,103.47,2.34
Maharashtra,2025,7,Rural,103.76,1.29
Maharashtra,2025,7,Urban,103.28,2.85
Maharashtra,2025,8,Combined,103.49,2.39
Maharashtra,2025,8,Rural,103.81,1.60
Maharashtra,2025,8,Urban,103.28,2.80
Maharashtra,2025,9,Combined,103.61,1.53
Maharashtra,2025,9,Rural,103.86,0.62
Maharashtra,2025,9,Urban,103.46,2.03
Maharashtra,2025,10,Combined,103.73,0.89
Maharashtra,2025,10,Rural,104.18,-0.20
Maharashtra,2025,10,Urban,103.44,1.48
Maharashtra,2025,11,Combined,104.06,1.04
Maharashtra,2025,11,Rural,104.57,-0.30
Maharashtra,2025,11,Urban,103.72,1.75
Maharashtra,2025,12,Combined,104.20,1.62
Maharashtra,2025,12,Rural,104.65,0.41
Maharashtra,2025,12,Urban,103.91,2.23
Maharashtra,2026,1,Combined,104.24,2.58
Maharashtra,2026,1,Rural,104.57,2.84
Maharashtra,2026,1,Urban,104.03,2.41
Maharashtra,2026,2,Combined,104.63,3.06
Maharashtra,2026,2,Rural,105.17,3.54
Maharashtra,2026,2,Urban,104.28,2.76
Maharashtra,2026,3,Combined,105.13,3.47
Maharashtra,2026,3,Rural,105.93,4.37
Maharashtra,2026,3,Urban,104.62,2.89
Maharashtra,2026,4,Combined,104.99,3.13
Maharashtra,2026,4,Rural,105.50,3.73
Maharashtra,2026,4,Urban,104.66,2.74
Maharashtra,2026,5,Combined,105.69,3.35
Maharashtra,2026,5,Rural,106.45,4.21
Maharashtra,2026,5,Urban,105.19,2.80
Maharashtra,2026,6,Combined,106.92,3.82
Maharashtra,2026,6,Rural,107.92,4.80
Maharashtra,2026,6,Urban,106.27,3.19
Maharashtra,2026,7,Combined,107.72,4.11
Maharashtra,2026,7,Rural,108.92,4.97
Maharashtra,2026,7,Urban,106.95,3.56
Maharashtra,2026,8,Combined,108.44,4.78
Maharashtra,2026,8,Rural,109.70,5.67
Maharashtra,2026,8,Urban,107.62,4.21
Manipur,2025,1,Combined,102.17,7.41
Manipur,2025,1,Rural,102.22,8.39
Manipur,2025,1,Urban,102.06,4.89
Manipur,2025,2,Combined,101.54,5.45
Manipur,2025,2,Rural,101.55,5.91
Manipur,2025,2,Urban,101.51,4.36
Manipur,2025,3,Combined,100.83,3.81
Manipur,2025,3,Rural,100.74,3.93
Manipur,2025,3,Urban,101.02,3.51
Manipur,2025,4,Combined,100.77,3.47
Manipur,2025,4,Rural,100.41,3.62
Manipur,2025,4,Urban,101.51,3.10
Manipur,2025,5,Combined,100.71,3.03
Manipur,2025,5,Rural,100.20,2.93
Manipur,2025,5,Urban,101.78,3.34
Manipur,2025,6,Combined,101.17,1.86
Manipur,2025,6,Rural,100.62,1.72
Manipur,2025,6,Urban,102.33,2.19
Manipur,2025,7,Combined,101.26,1.61
Manipur,2025,7,Rural,100.69,1.49
Manipur,2025,7,Urban,102.47,1.87
Manipur,2025,8,Combined,101.56,0.47
Manipur,2025,8,Rural,100.84,0.27
Manipur,2025,8,Urban,103.08,1.01
Manipur,2025,9,Combined,102.14,-1.01
Manipur,2025,9,Rural,101.40,-1.35
Manipur,2025,9,Urban,103.70,-0.16
Manipur,2025,10,Combined,102.52,-2.34
Manipur,2025,10,Rural,101.88,-3.15
Manipur,2025,10,Urban,103.88,-0.21
Manipur,2025,11,Combined,102.35,-4.22
Manipur,2025,11,Rural,101.73,-5.31
Manipur,2025,11,Urban,103.66,-1.38
Manipur,2025,12,Combined,102.16,-4.23
Manipur,2025,12,Rural,101.63,-5.30
Manipur,2025,12,Urban,103.27,-1.40
Manipur,2026,1,Combined,102.29,0.12
Manipur,2026,1,Rural,101.78,-0.43
Manipur,2026,1,Urban,103.38,1.29
Manipur,2026,2,Combined,102.56,1.01
Manipur,2026,2,Rural,102.22,0.65
Manipur,2026,2,Urban,103.29,1.75
Manipur,2026,3,Combined,102.81,1.96
Manipur,2026,3,Rural,102.48,1.73
Manipur,2026,3,Urban,103.51,2.46
Manipur,2026,4,Combined,103.12,2.33
Manipur,2026,4,Rural,102.83,2.40
Manipur,2026,4,Urban,103.73,2.19
Manipur,2026,5,Combined,103.52,2.79
Manipur,2026,5,Rural,103.27,3.06
Manipur,2026,5,Urban,104.04,2.22
Manipur,2026,6,Combined,104.14,2.94
Manipur,2026,6,Rural,103.87,3.23
Manipur,2026,6,Urban,104.71,2.33
Manipur,2026,7,Combined,104.39,3.09
Manipur,2026,7,Rural,104.14,3.42
Manipur,2026,7,Urban,104.92,2.40
Manipur,2026,8,Combined,106.10,4.47
Manipur,2026,8,Rural,105.81,4.92
Manipur,2026,8,Urban,106.70,3.51
Meghalaya,2025,1,Combined,102.52,3.79
Meghalaya,2025,1,Rural,102.76,2.89
Meghalaya,2025,1,Urban,101.85,5.76
Meghalaya,2025,2,Combined,101.52,4.20
Meghalaya,2025,2,Rural,101.62,3.54
Meghalaya,2025,2,Urban,101.24,5.55
Meghalaya,2025,3,Combined,101.21,3.91
Meghalaya,2025,3,Rural,101.24,3.42
Meghalaya,2025,3,Urban,101.15,4.91
Meghalaya,2025,4,Combined,101.61,4.09
Meghalaya,2025,4,Rural,101.61,3.67
Meghalaya,2025,4,Urban,101.60,5.02
Meghalaya,2025,5,Combined,102.43,3.38
Meghalaya,2025,5,Rural,102.59,2.42
Meghalaya,2025,5,Urban,101.95,5.46
Meghalaya,2025,6,Combined,102.99,2.79
Meghalaya,2025,6,Rural,103.26,1.96
Meghalaya,2025,6,Urban,102.24,4.58
Meghalaya,2025,7,Combined,103.26,1.40
Meghalaya,2025,7,Rural,103.51,0.57
Meghalaya,2025,7,Urban,102.55,3.06
Meghalaya,2025,8,Combined,103.61,1.12
Meghalaya,2025,8,Rural,103.90,0.39
Meghalaya,2025,8,Urban,102.80,2.78
Meghalaya,2025,9,Combined,103.95,1.22
Meghalaya,2025,9,Rural,104.29,0.28
Meghalaya,2025,9,Urban,103.00,3.16
Meghalaya,2025,10,Combined,104.21,0.06
Meghalaya,2025,10,Rural,104.62,-0.39
Meghalaya,2025,10,Urban,103.04,1.08
Meghalaya,2025,11,Combined,103.83,-0.17
Meghalaya,2025,11,Rural,104.13,-0.89
Meghalaya,2025,11,Urban,102.98,1.41
Meghalaya,2025,12,Combined,103.65,-0.33
Meghalaya,2025,12,Rural,103.87,-0.67
Meghalaya,2025,12,Urban,103.02,0.32
Meghalaya,2026,1,Combined,104.23,1.66
Meghalaya,2026,1,Rural,104.55,1.75
Meghalaya,2026,1,Urban,103.30,1.43
Meghalaya,2026,2,Combined,104.13,2.57
Meghalaya,2026,2,Rural,104.49,2.83
Meghalaya,2026,2,Urban,103.10,1.83
Meghalaya,2026,3,Combined,104.22,2.97
Meghalaya,2026,3,Rural,104.59,3.31
Meghalaya,2026,3,Urban,103.17,1.99
Meghalaya,2026,4,Combined,104.62,2.97
Meghalaya,2026,4,Rural,104.97,3.31
Meghalaya,2026,4,Urban,103.63,2.00
Meghalaya,2026,5,Combined,105.19,2.70
Meghalaya,2026,5,Rural,105.45,2.78
Meghalaya,2026,5,Urban,104.45,2.45
Meghalaya,2026,6,Combined,105.70,2.63
Meghalaya,2026,6,Rural,106.03,2.69
Meghalaya,2026,6,Urban,104.76,2.46
Meghalaya,2026,7,Combined,105.65,2.31
Meghalaya,2026,7,Rural,105.90,2.31
Meghalaya,2026,7,Urban,104.94,2.33
Meghalaya,2026,8,Combined,106.46,2.74
Meghalaya,2026,8,Rural,106.79,2.78
Meghalaya,2026,8,Urban,105.53,2.65
Mizoram,2025,1,Combined,102.26,3.73
Mizoram,2025,1,Rural,102.55,2.02
Mizoram,2025,1,Urban,102.05,5.02
Mizoram,2025,2,Combined,102.18,3.46
Mizoram,2025,2,Rural,102.47,1.52
Mizoram,2025,2,Urban,101.96,4.91
Mizoram,2025,3,Combined,101.99,3.62
Mizoram,2025,3,Rural,102.31,1.72
Mizoram,2025,3,Urban,101.76,5.08
Mizoram,2025,4,Combined,102.14,3.28
Mizoram,2025,4,Rural,102.52,1.37
Mizoram,2025,4,Urban,101.85,4.64
Mizoram,2025,5,Combined,102.16,2.94
Mizoram,2025,5,Rural,102.54,1.22
Mizoram,2025,5,Urban,101.89,4.21
Mizoram,2025,6,Combined,102.24,3.09
Mizoram,2025,6,Rural,102.69,1.52
Mizoram,2025,6,Urban,101.90,4.17
Mizoram,2025,7,Combined,102.35,2.91
Mizoram,2025,7,Rural,102.74,1.32
Mizoram,2025,7,Urban,102.05,4.09
Mizoram,2025,8,Combined,102.31,2.48
Mizoram,2025,8,Rural,102.71,0.73
Mizoram,2025,8,Urban,102.01,3.80
Mizoram,2025,9,Combined,102.30,2.05
Mizoram,2025,9,Rural,102.89,0.73
Mizoram,2025,9,Urban,101.87,3.04
Mizoram,2025,10,Combined,102.48,1.66
Mizoram,2025,10,Rural,103.17,0.24
Mizoram,2025,10,Urban,101.97,2.62
Mizoram,2025,11,Combined,102.56,1.71
Mizoram,2025,11,Rural,103.22,0.24
Mizoram,2025,11,Urban,102.07,2.79
Mizoram,2025,12,Combined,102.53,2.08
Mizoram,2025,12,Rural,103.13,0.77
Mizoram,2025,12,Urban,102.08,3.06
Mizoram,2026,1,Combined,102.52,0.25
Mizoram,2026,1,Rural,103.10,0.53
Mizoram,2026,1,Urban,102.09,0.05
Mizoram,2026,2,Combined,102.29,0.11
Mizoram,2026,2,Rural,102.90,0.43
Mizoram,2026,2,Urban,101.83,-0.13
Mizoram,2026,3,Combined,102.67,0.66
Mizoram,2026,3,Rural,103.35,1.02
Mizoram,2026,3,Urban,102.16,0.40
Mizoram,2026,4,Combined,102.84,0.69
Mizoram,2026,4,Rural,103.56,1.02
Mizoram,2026,4,Urban,102.30,0.44
Mizoram,2026,5,Combined,103.22,1.03
Mizoram,2026,5,Rural,103.99,1.42
Mizoram,2026,5,Urban,102.64,0.74
Mizoram,2026,6,Combined,103.90,1.63
Mizoram,2026,6,Rural,104.62,1.88
Mizoram,2026,6,Urban,103.36,1.43
Mizoram,2026,7,Combined,104.23,1.84
Mizoram,2026,7,Rural,105.07,2.27
Mizoram,2026,7,Urban,103.60,1.52
Mizoram,2026,8,Combined,104.72,2.35
Mizoram,2026,8,Rural,105.65,2.85
Mizoram,2026,8,Urban,104.03,1.98
NCT of Delhi,2025,1,Combined,100.84,2.02
NCT of Delhi,2025,1,Rural,99.85,3.12
NCT of Delhi,2025,1,Urban,100.86,1.96
NCT of Delhi,2025,2,Combined,100.86,1.54
NCT of Delhi,2025,2,Rural,99.46,2.59
NCT of Delhi,2025,2,Urban,100.89,1.48
NCT of Delhi,2025,3,Combined,101.31,1.48
NCT of Delhi,2025,3,Rural,99.72,2.71
NCT of Delhi,2025,3,Urban,101.35,1.42
NCT of Delhi,2025,4,Combined,101.23,1.77
NCT of Delhi,2025,4,Rural,99.66,2.65
NCT of Delhi,2025,4,Urban,101.26,1.71
NCT of Delhi,2025,5,Combined,101.36,2.07
NCT of Delhi,2025,5,Rural,99.78,2.71
NCT of Delhi,2025,5,Urban,101.39,2.01
NCT of Delhi,2025,6,Combined,101.74,1.72
NCT of Delhi,2025,6,Rural,100.54,2.46
NCT of Delhi,2025,6,Urban,101.77,1.66
NCT of Delhi,2025,7,Combined,102.62,0.52
NCT of Delhi,2025,7,Rural,101.69,1.50
NCT of Delhi,2025,7,Urban,102.64,0.46
NCT of Delhi,2025,8,Combined,103.34,0.80
NCT of Delhi,2025,8,Rural,101.80,1.55
NCT of Delhi,2025,8,Urban,103.37,0.80
NCT of Delhi,2025,9,Combined,103.16,0.57
NCT of Delhi,2025,9,Rural,101.02,0.57
NCT of Delhi,2025,9,Urban,103.21,0.57
NCT of Delhi,2025,10,Combined,102.79,-0.28
NCT of Delhi,2025,10,Rural,101.24,-0.34
NCT of Delhi,2025,10,Urban,102.83,-0.28
NCT of Delhi,2025,11,Combined,103.11,0.34
NCT of Delhi,2025,11,Rural,102.25,-0.45
NCT of Delhi,2025,11,Urban,103.13,0.34
NCT of Delhi,2025,12,Combined,102.91,1.17
NCT of Delhi,2025,12,Rural,101.42,-0.51
NCT of Delhi,2025,12,Urban,102.94,1.29
NCT of Delhi,2026,1,Combined,103.01,2.15
NCT of Delhi,2026,1,Rural,101.70,1.86
NCT of Delhi,2026,1,Urban,103.03,2.15
NCT of Delhi,2026,2,Combined,102.83,1.94
NCT of Delhi,2026,2,Rural,101.31,1.85
NCT of Delhi,2026,2,Urban,102.86,1.95
NCT of Delhi,2026,3,Combined,103.19,1.85
NCT of Delhi,2026,3,Rural,101.54,1.83
NCT of Delhi,2026,3,Urban,103.22,1.85
NCT of Delhi,2026,4,Combined,103.22,1.96
NCT of Delhi,2026,4,Rural,102.37,2.71
NCT of Delhi,2026,4,Urban,103.23,1.95
NCT of Delhi,2026,5,Combined,103.88,2.49
NCT of Delhi,2026,5,Rural,103.31,3.53
NCT of Delhi,2026,5,Urban,103.89,2.47
NCT of Delhi,2026,6,Combined,104.75,2.96
NCT of Delhi,2026,6,Rural,104.48,3.92
NCT of Delhi,2026,6,Urban,104.76,2.94
NCT of Delhi,2026,7,Combined,105.38,2.68
NCT of Delhi,2026,7,Rural,105.89,4.12
NCT of Delhi,2026,7,Urban,105.36,2.65
NCT of Delhi,2026,8,Combined,106.03,2.61
NCT of Delhi,2026,8,Rural,106.05,4.17
NCT of Delhi,2026,8,Urban,106.03,2.57
Nagaland,2025,1,Combined,102.24,5.06
Nagaland,2025,1,Rural,102.66,5.40
Nagaland,2025,1,Urban,101.56,4.59
Nagaland,2025,2,Combined,101.87,4.34
Nagaland,2025,2,Rural,102.31,5.20
Nagaland,2025,2,Urban,101.18,3.13
Nagaland,2025,3,Combined,101.75,3.68
Nagaland,2025,3,Rural,102.21,3.92
Nagaland,2025,3,Urban,101.01,3.30
Nagaland,2025,4,Combined,101.76,2.97
Nagaland,2025,4,Rural,102.33,2.41
Nagaland,2025,4,Urban,100.84,3.69
Nagaland,2025,5,Combined,102.05,3.18
Nagaland,2025,5,Rural,102.47,2.66
Nagaland,2025,5,Urban,101.38,3.95
Nagaland,2025,6,Combined,102.74,2.89
Nagaland,2025,6,Rural,103.50,2.23
Nagaland,2025,6,Urban,101.53,3.93
Nagaland,2025,7,Combined,102.91,2.76
Nagaland,2025,7,Rural,103.69,2.47
Nagaland,2025,7,Urban,101.66,3.17
Nagaland,2025,8,Combined,103.37,2.64
Nagaland,2025,8,Rural,104.18,2.55
Nagaland,2025,8,Urban,102.08,2.77
Nagaland,2025,9,Combined,103.68,2.89
Nagaland,2025,9,Rural,104.45,3.00
Nagaland,2025,9,Urban,102.45,2.75
Nagaland,2025,10,Combined,103.96,2.67
Nagaland,2025,10,Rural,104.66,2.68
Nagaland,2025,10,Urban,102.84,2.69
Nagaland,2025,11,Combined,104.37,2.61
Nagaland,2025,11,Rural,105.31,3.12
Nagaland,2025,11,Urban,102.85,1.93
Nagaland,2025,12,Combined,104.51,2.50
Nagaland,2025,12,Rural,105.29,2.81
Nagaland,2025,12,Urban,103.25,1.97
Nagaland,2026,1,Combined,104.64,2.35
Nagaland,2026,1,Rural,105.39,2.66
Nagaland,2026,1,Urban,103.43,1.85
Nagaland,2026,2,Combined,104.69,2.77
Nagaland,2026,2,Rural,105.44,3.07
Nagaland,2026,2,Urban,103.48,2.28
Nagaland,2026,3,Combined,105.04,3.23
Nagaland,2026,3,Rural,106.01,3.72
Nagaland,2026,3,Urban,103.47,2.44
Nagaland,2026,4,Combined,105.29,3.46
Nagaland,2026,4,Rural,106.17,3.75
Nagaland,2026,4,Urban,103.86,3.00
Nagaland,2026,5,Combined,105.43,3.31
Nagaland,2026,5,Rural,106.26,3.70
Nagaland,2026,5,Urban,104.09,2.67
Nagaland,2026,6,Combined,105.65,2.83
Nagaland,2026,6,Rural,106.47,2.87
Nagaland,2026,6,Urban,104.33,2.76
Nagaland,2026,7,Combined,105.81,2.82
Nagaland,2026,7,Rural,106.61,2.82
Nagaland,2026,7,Urban,104.52,2.82
Nagaland,2026,8,Combined,106.35,2.88
Nagaland,2026,8,Rural,107.16,2.86
Nagaland,2026,8,Urban,105.03,2.90
Odisha,2025,1,Combined,101.68,5.68
Odisha,2025,1,Rural,101.85,6.31
Odisha,2025,1,Urban,101.22,4.01
Odisha,2025,2,Combined,100.33,3.80
Odisha,2025,2,Rural,100.28,4.25
Odisha,2025,2,Urban,100.48,2.70
Odisha,2025,3,Combined,100.32,3.27
Odisha,2025,3,Rural,100.21,3.50
Odisha,2025,3,Urban,100.62,2.59
Odisha,2025,4,Combined,100.53,2.50
Odisha,2025,4,Rural,100.41,2.57
Odisha,2025,4,Urban,100.83,2.25
Odisha,2025,5,Combined,100.59,2.28
Odisha,2025,5,Rural,100.43,2.25
Odisha,2025,5,Urban,101.02,2.19
Odisha,2025,6,Combined,101.06,0.52
Odisha,2025,6,Rural,100.98,0.46
Odisha,2025,6,Urban,101.29,0.64
Odisha,2025,7,Combined,102.13,-0.25
Odisha,2025,7,Rural,102.12,-0.55
Odisha,2025,7,Urban,102.17,0.53
Odisha,2025,8,Combined,102.71,-0.55
Odisha,2025,8,Rural,102.69,-0.84
Odisha,2025,8,Urban,102.75,0.31
Odisha,2025,9,Combined,102.81,0.20
Odisha,2025,9,Rural,102.82,0.05
Odisha,2025,9,Urban,102.78,0.63
Odisha,2025,10,Combined,102.90,-1.39
Odisha,2025,10,Rural,102.96,-1.85
Odisha,2025,10,Urban,102.73,-0.21
Odisha,2025,11,Combined,103.24,-1.24
Odisha,2025,11,Rural,103.37,-1.80
Odisha,2025,11,Urban,102.90,0.26
Odisha,2025,12,Combined,103.55,-0.99
Odisha,2025,12,Rural,103.75,-1.66
Odisha,2025,12,Urban,103.02,0.83
Odisha,2026,1,Combined,103.59,1.88
Odisha,2026,1,Rural,103.77,1.89
Odisha,2026,1,Urban,103.11,1.86
Odisha,2026,2,Combined,103.61,3.27
Odisha,2026,2,Rural,103.70,3.41
Odisha,2026,2,Urban,103.36,2.87
Odisha,2026,3,Combined,103.65,3.32
Odisha,2026,3,Rural,103.71,3.50
Odisha,2026,3,Urban,103.46,2.82
Odisha,2026,4,Combined,103.99,3.44
Odisha,2026,4,Rural,104.07,3.64
Odisha,2026,4,Urban,103.76,2.91
Odisha,2026,5,Combined,105.15,4.54
Odisha,2026,5,Rural,105.28,4.83
Odisha,2026,5,Urban,104.80,3.74
Odisha,2026,6,Combined,106.27,5.15
Odisha,2026,6,Rural,106.43,5.40
Odisha,2026,6,Urban,105.82,4.47
Odisha,2026,7,Combined,107.07,4.83
Odisha,2026,7,Rural,107.35,5.13
Odisha,2026,7,Urban,106.28,4.03
Odisha,2026,8,Combined,108.37,5.52
Odisha,2026,8,Rural,108.75,5.90
Odisha,2026,8,Urban,107.34,4.47
Puducherry,2025,1,Combined,101.83,5.17
Puducherry,2025,1,Rural,102.52,5.58
Puducherry,2025,1,Urban,101.52,5.07
Puducherry,2025,2,Combined,101.59,3.95
Puducherry,2025,2,Rural,102.17,4.19
Puducherry,2025,2,Urban,101.32,3.84
Puducherry,2025,3,Combined,101.38,3.66
Puducherry,2025,3,Rural,101.47,4.35
Puducherry,2025,3,Urban,101.33,3.42
Puducherry,2025,4,Combined,101.54,3.44
Puducherry,2025,4,Rural,101.50,4.15
Puducherry,2025,4,Urban,101.56,3.20
Puducherry,2025,5,Combined,102.10,3.21
Puducherry,2025,5,Rural,101.98,3.59
Puducherry,2025,5,Urban,102.15,3.02
Puducherry,2025,6,Combined,102.94,2.95
Puducherry,2025,6,Rural,102.66,2.82
Puducherry,2025,6,Urban,103.06,2.98
Puducherry,2025,7,Combined,103.63,2.83
Puducherry,2025,7,Rural,103.59,3.00
Puducherry,2025,7,Urban,103.64,2.76
Puducherry,2025,8,Combined,103.71,2.99
Puducherry,2025,8,Rural,103.96,3.10
Puducherry,2025,8,Urban,103.60,2.92
Puducherry,2025,9,Combined,103.59,2.26
Puducherry,2025,9,Rural,103.92,2.73
Puducherry,2025,9,Urban,103.44,2.08
Puducherry,2025,10,Combined,103.45,1.09
Puducherry,2025,10,Rural,103.64,0.72
Puducherry,2025,10,Urban,103.36,1.21
Puducherry,2025,11,Combined,103.99,1.98
Puducherry,2025,11,Rural,104.04,1.24
Puducherry,2025,11,Urban,103.97,2.26
Puducherry,2025,12,Combined,104.37,2.47
Puducherry,2025,12,Rural,104.38,2.18
Puducherry,2025,12,Urban,104.37,2.56
Puducherry,2026,1,Combined,105.28,3.39
Puducherry,2026,1,Rural,105.18,2.60
Puducherry,2026,1,Urban,105.32,3.75
Puducherry,2026,2,Combined,105.10,3.46
Puducherry,2026,2,Rural,105.08,2.85
Puducherry,2026,2,Urban,105.11,3.73
Puducherry,2026,3,Combined,105.62,4.18
Puducherry,2026,3,Rural,105.85,4.31
Puducherry,2026,3,Urban,105.52,4.13
Puducherry,2026,4,Combined,106.02,4.41
Puducherry,2026,4,Rural,106.28,4.71
Puducherry,2026,4,Urban,105.90,4.27
Puducherry,2026,5,Combined,107.21,5.00
Puducherry,2026,5,Rural,107.24,5.16
Puducherry,2026,5,Urban,107.19,4.93
Puducherry,2026,6,Combined,108.49,5.39
Puducherry,2026,6,Rural,108.87,6.05
Puducherry,2026,6,Urban,108.32,5.10
Puducherry,2026,7,Combined,109.24,5.41
Puducherry,2026,7,Rural,109.56,5.76
Puducherry,2026,7,Urban,109.09,5.26
Puducherry,2026,8,Combined,109.78,5.85
Puducherry,2026,8,Rural,110.33,6.13
Puducherry,2026,8,Urban,109.53,5.72
Punjab,2025,1,Combined,101.79,4.28
Punjab,2025,1,Rural,101.98,4.87
Punjab,2025,1,Urban,101.58,3.57
Punjab,2025,2,Combined,101.55,3.55
Punjab,2025,2,Rural,101.74,4.31
Punjab,2025,2,Urban,101.34,2.59
Punjab,2025,3,Combined,102.06,3.65
Punjab,2025,3,Rural,102.31,4.02
Punjab,2025,3,Urban,101.77,3.16
Punjab,2025,4,Combined,102.34,4.09
Punjab,2025,4,Rural,102.59,4.29
Punjab,2025,4,Urban,102.04,3.86
Punjab,2025,5,Combined,102.76,5.21
Punjab,2025,5,Rural,102.93,5.27
Punjab,2025,5,Urban,102.56,5.05
Punjab,2025,6,Combined,103.45,4.67
Punjab,2025,6,Rural,103.57,5.18
Punjab,2025,6,Urban,103.31,4.04
Punjab,2025,7,Combined,104.48,3.53
Punjab,2025,7,Rural,104.69,4.12
Punjab,2025,7,Urban,104.23,2.77
Punjab,2025,8,Combined,105.00,3.51
Punjab,2025,8,Rural,105.19,3.76
Punjab,2025,8,Urban,104.78,3.27
Punjab,2025,9,Combined,105.22,3.11
Punjab,2025,9,Rural,105.49,3.48
Punjab,2025,9,Urban,104.90,2.58
Punjab,2025,10,Combined,104.97,1.86
Punjab,2025,10,Rural,105.38,2.40
Punjab,2025,10,Urban,104.48,1.20
Punjab,2025,11,Combined,104.72,1.65
Punjab,2025,11,Rural,105.30,2.09
Punjab,2025,11,Urban,104.03,1.04
Punjab,2025,12,Combined,104.39,1.82
Punjab,2025,12,Rural,104.81,2.14
Punjab,2025,12,Urban,103.90,1.38
Punjab,2026,1,Combined,104.54,2.70
Punjab,2026,1,Rural,105.05,3.02
Punjab,2026,1,Urban,103.95,2.33
Punjab,2026,2,Combined,104.70,3.10
Punjab,2026,2,Rural,105.22,3.42
Punjab,2026,2,Urban,104.09,2.72
Punjab,2026,3,Combined,105.09,2.97
Punjab,2026,3,Rural,105.59,3.21
Punjab,2026,3,Urban,104.51,2.69
Punjab,2026,4,Combined,105.72,3.30
Punjab,2026,4,Rural,106.26,3.57
Punjab,2026,4,Urban,105.09,2.99
Punjab,2026,5,Combined,106.20,3.34
Punjab,2026,5,Rural,106.68,3.64
Punjab,2026,5,Urban,105.63,2.99
Punjab,2026,6,Combined,107.41,3.83
Punjab,2026,6,Rural,107.97,4.25
Punjab,2026,6,Urban,106.76,3.34
Punjab,2026,7,Combined,108.87,4.21
Punjab,2026,7,Rural,109.53,4.63
Punjab,2026,7,Urban,108.10,3.71
Punjab,2026,8,Combined,109.67,4.45
Punjab,2026,8,Rural,110.53,5.08
Punjab,2026,8,Urban,108.67,3.72
Rajasthan,2025,1,Combined,101.62,3.86
Rajasthan,2025,1,Rural,101.63,4.18
Rajasthan,2025,1,Urban,101.61,3.22
Rajasthan,2025,2,Combined,101.52,3.04
Rajasthan,2025,2,Rural,101.44,3.36
Rajasthan,2025,2,Urban,101.68,2.45
Rajasthan,2025,3,Combined,101.66,2.66
Rajasthan,2025,3,Rural,101.66,2.70
Rajasthan,2025,3,Urban,101.66,2.45
Rajasthan,2025,4,Combined,101.71,2.16
Rajasthan,2025,4,Rural,101.64,2.05
Rajasthan,2025,4,Urban,101.84,2.39
Rajasthan,2025,5,Combined,102.06,2.33
Rajasthan,2025,5,Rural,101.92,2.38
Rajasthan,2025,5,Urban,102.33,2.34
Rajasthan,2025,6,Combined,102.63,1.60
Rajasthan,2025,6,Rural,102.51,1.55
Rajasthan,2025,6,Urban,102.85,1.66
Rajasthan,2025,7,Combined,103.71,0.89
Rajasthan,2025,7,Rural,103.60,0.99
Rajasthan,2025,7,Urban,103.90,0.73
Rajasthan,2025,8,Combined,104.13,0.99
Rajasthan,2025,8,Rural,104.20,1.10
Rajasthan,2025,8,Urban,104.01,0.73
Rajasthan,2025,9,Combined,104.17,0.31
Rajasthan,2025,9,Rural,104.21,0.36
Rajasthan,2025,9,Urban,104.10,0.21
Rajasthan,2025,10,Combined,104.33,-0.87
Rajasthan,2025,10,Rural,104.50,-1.02
Rajasthan,2025,10,Urban,104.01,-0.67
Rajasthan,2025,11,Combined,104.29,-0.41
Rajasthan,2025,11,Rural,104.29,-0.56
Rajasthan,2025,11,Urban,104.29,-0.16
Rajasthan,2025,12,Combined,104.25,0.31
Rajasthan,2025,12,Rural,104.22,0.26
Rajasthan,2025,12,Urban,104.29,0.47
Rajasthan,2026,1,Combined,104.85,3.18
Rajasthan,2026,1,Rural,104.98,3.30
Rajasthan,2026,1,Urban,104.62,2.96
Rajasthan,2026,2,Combined,105.07,3.49
Rajasthan,2026,2,Rural,105.26,3.77
Rajasthan,2026,2,Urban,104.73,3.00
Rajasthan,2026,3,Combined,105.36,3.64
Rajasthan,2026,3,Rural,105.59,3.86
Rajasthan,2026,3,Urban,104.95,3.23
Rajasthan,2026,4,Combined,105.54,3.77
Rajasthan,2026,4,Rural,105.74,4.03
Rajasthan,2026,4,Urban,105.19,3.29
Rajasthan,2026,5,Combined,106.32,4.17
Rajasthan,2026,5,Rural,106.53,4.53
Rajasthan,2026,5,Urban,105.95,3.54
Rajasthan,2026,6,Combined,107.45,4.70
Rajasthan,2026,6,Rural,107.73,5.09
Rajasthan,2026,6,Urban,106.94,3.98
Rajasthan,2026,7,Combined,108.70,4.82
Rajasthan,2026,7,Rural,109.15,5.36
Rajasthan,2026,7,Urban,107.89,3.84
Rajasthan,2026,8,Combined,109.58,5.24
Rajasthan,2026,8,Rural,110.13,5.70
Rajasthan,2026,8,Urban,108.58,4.40
Sikkim,2025,1,Combined,102.27,3.00
Sikkim,2025,1,Rural,102.44,3.14
Sikkim,2025,1,Urban,101.94,2.77
Sikkim,2025,2,Combined,101.98,2.64
Sikkim,2025,2,Rural,102.13,3.15
Sikkim,2025,2,Urban,101.69,1.51
Sikkim,2025,3,Combined,101.79,2.34
Sikkim,2025,3,Rural,101.91,2.60
Sikkim,2025,3,Urban,101.56,1.68
Sikkim,2025,4,Combined,102.20,3.01
Sikkim,2025,4,Rural,102.23,3.52
Sikkim,2025,4,Urban,102.13,1.94
Sikkim,2025,5,Combined,102.59,2.69
Sikkim,2025,5,Rural,102.65,3.04
Sikkim,2025,5,Urban,102.49,1.94
Sikkim,2025,6,Combined,102.98,2.57
Sikkim,2025,6,Rural,103.05,3.08
Sikkim,2025,6,Urban,102.83,1.39
Sikkim,2025,7,Combined,103.25,0.91
Sikkim,2025,7,Rural,103.20,1.34
Sikkim,2025,7,Urban,103.34,0.00
Sikkim,2025,8,Combined,103.81,1.57
Sikkim,2025,8,Rural,103.71,1.83
Sikkim,2025,8,Urban,104.02,1.00
Sikkim,2025,9,Combined,104.26,1.46
Sikkim,2025,9,Rural,104.24,1.72
Sikkim,2025,9,Urban,104.31,1.00
Sikkim,2025,10,Combined,104.33,0.45
Sikkim,2025,10,Rural,104.19,0.34
Sikkim,2025,10,Urban,104.58,0.58
Sikkim,2025,11,Combined,104.55,0.80
Sikkim,2025,11,Rural,104.41,0.73
Sikkim,2025,11,Urban,104.81,0.99
Sikkim,2025,12,Combined,105.01,1.00
Sikkim,2025,12,Rural,105.00,0.97
Sikkim,2025,12,Urban,105.02,1.16
Sikkim,2026,1,Combined,105.38,3.04
Sikkim,2026,1,Rural,105.44,2.92
Sikkim,2026,1,Urban,105.25,3.25
Sikkim,2026,2,Combined,105.69,3.64
Sikkim,2026,2,Rural,105.86,3.65
Sikkim,2026,2,Urban,105.38,3.62
Sikkim,2026,3,Combined,106.14,4.28
Sikkim,2026,3,Rural,106.40,4.41
Sikkim,2026,3,Urban,105.64,4.02
Sikkim,2026,4,Combined,106.45,4.16
Sikkim,2026,4,Rural,106.62,4.29
Sikkim,2026,4,Urban,106.11,3.90
Sikkim,2026,5,Combined,106.92,4.22
Sikkim,2026,5,Rural,107.10,4.34
Sikkim,2026,5,Urban,106.59,4.00
Sikkim,2026,6,Combined,107.61,4.49
Sikkim,2026,6,Rural,107.80,4.61
Sikkim,2026,6,Urban,107.22,4.27
Sikkim,2026,7,Combined,107.99,4.59
Sikkim,2026,7,Rural,108.21,4.86
Sikkim,2026,7,Urban,107.55,4.07
Sikkim,2026,8,Combined,108.59,4.60
Sikkim,2026,8,Rural,108.82,4.93
Sikkim,2026,8,Urban,108.14,3.97
Tamil Nadu,2025,1,Combined,102.15,4.99
Tamil Nadu,2025,1,Rural,102.31,5.43
Tamil Nadu,2025,1,Urban,102.03,4.76
Tamil Nadu,2025,2,Combined,101.81,4.05
Tamil Nadu,2025,2,Rural,101.82,4.12
Tamil Nadu,2025,2,Urban,101.80,3.97
Tamil Nadu,2025,3,Combined,101.47,3.75
Tamil Nadu,2025,3,Rural,101.32,3.62
Tamil Nadu,2025,3,Urban,101.58,3.88
Tamil Nadu,2025,4,Combined,101.57,3.41
Tamil Nadu,2025,4,Rural,101.31,3.13
Tamil Nadu,2025,4,Urban,101.77,3.63
Tamil Nadu,2025,5,Combined,101.93,2.81
Tamil Nadu,2025,5,Rural,101.70,2.55
Tamil Nadu,2025,5,Urban,102.11,2.98
Tamil Nadu,2025,6,Combined,102.78,2.22
Tamil Nadu,2025,6,Rural,102.61,2.06
Tamil Nadu,2025,6,Urban,102.91,2.33
Tamil Nadu,2025,7,Combined,103.16,2.11
Tamil Nadu,2025,7,Rural,103.04,1.90
Tamil Nadu,2025,7,Urban,103.25,2.27
Tamil Nadu,2025,8,Combined,103.36,2.93
Tamil Nadu,2025,8,Rural,103.21,2.76
Tamil Nadu,2025,8,Urban,103.47,3.05
Tamil Nadu,2025,9,Combined,103.23,2.52
Tamil Nadu,2025,9,Rural,103.12,2.30
Tamil Nadu,2025,9,Urban,103.31,2.68
Tamil Nadu,2025,10,Combined,103.47,1.29
Tamil Nadu,2025,10,Rural,103.25,0.99
Tamil Nadu,2025,10,Urban,103.64,1.54
Tamil Nadu,2025,11,Combined,104.10,2.08
Tamil Nadu,2025,11,Rural,104.00,1.68
Tamil Nadu,2025,11,Urban,104.17,2.44
Tamil Nadu,2025,12,Combined,104.83,2.62
Tamil Nadu,2025,12,Rural,104.77,1.91
Tamil Nadu,2025,12,Urban,104.88,3.14
Tamil Nadu,2026,1,Combined,105.57,3.35
Tamil Nadu,2026,1,Rural,105.53,3.15
Tamil Nadu,2026,1,Urban,105.61,3.51
Tamil Nadu,2026,2,Combined,105.30,3.43
Tamil Nadu,2026,2,Rural,105.18,3.30
Tamil Nadu,2026,2,Urban,105.39,3.53
Tamil Nadu,2026,3,Combined,105.29,3.77
Tamil Nadu,2026,3,Rural,105.20,3.83
Tamil Nadu,2026,3,Urban,105.36,3.72
Tamil Nadu,2026,4,Combined,105.81,4.18
Tamil Nadu,2026,4,Rural,105.78,4.41
Tamil Nadu,2026,4,Urban,105.84,4.00
Tamil Nadu,2026,5,Combined,107.14,5.11
Tamil Nadu,2026,5,Rural,107.37,5.58
Tamil Nadu,2026,5,Urban,106.96,4.75
Tamil Nadu,2026,6,Combined,108.16,5.24
Tamil Nadu,2026,6,Rural,108.24,5.49
Tamil Nadu,2026,6,Urban,108.10,5.05
Tamil Nadu,2026,7,Combined,108.77,5.44
Tamil Nadu,2026,7,Rural,108.81,5.59
Tamil Nadu,2026,7,Urban,108.74,5.31
Tamil Nadu,2026,8,Combined,109.48,5.92
Tamil Nadu,2026,8,Rural,109.51,6.10
Tamil Nadu,2026,8,Urban,109.45,5.78
Telangana,2025,1,Combined,101.60,2.22
Telangana,2025,1,Rural,101.64,2.34
Telangana,2025,1,Urban,101.57,2.15
Telangana,2025,2,Combined,101.67,1.31
Telangana,2025,2,Rural,101.55,0.44
Telangana,2025,2,Urban,101.76,2.04
Telangana,2025,3,Combined,101.67,1.06
Telangana,2025,3,Rural,101.42,0.20
Telangana,2025,3,Urban,101.86,1.79
Telangana,2025,4,Combined,102.03,1.26
Telangana,2025,4,Rural,101.86,0.44
Telangana,2025,4,Urban,102.15,1.99
Telangana,2025,5,Combined,102.47,0.60
Telangana,2025,5,Rural,102.35,0.15
Telangana,2025,5,Urban,102.55,0.96
Telangana,2025,6,Combined,102.98,-0.93
Telangana,2025,6,Rural,102.85,-1.54
Telangana,2025,6,Urban,103.07,-0.40
Telangana,2025,7,Combined,103.52,-0.44
Telangana,2025,7,Rural,103.47,-0.91
Telangana,2025,7,Urban,103.56,0.00
Telangana,2025,8,Combined,103.79,0.94
Telangana,2025,8,Rural,103.71,0.58
Telangana,2025,8,Urban,103.85,1.21
Telangana,2025,9,Combined,103.92,-0.15
Telangana,2025,9,Rural,103.81,-0.34
Telangana,2025,9,Urban,104.00,0.00
Telangana,2025,10,Combined,104.30,-1.16
Telangana,2025,10,Rural,104.26,-1.47
Telangana,2025,10,Urban,104.34,-0.88
Telangana,2025,11,Combined,105.21,-0.10
Telangana,2025,11,Rural,105.34,-0.38
Telangana,2025,11,Urban,105.12,0.20
Telangana,2025,12,Combined,105.79,1.77
Telangana,2025,12,Rural,105.88,1.98
Telangana,2025,12,Urban,105.71,1.55
Telangana,2026,1,Combined,106.60,4.92
Telangana,2026,1,Rural,106.91,5.18
Telangana,2026,1,Urban,106.37,4.72
Telangana,2026,2,Combined,106.77,5.02
Telangana,2026,2,Rural,107.04,5.41
Telangana,2026,2,Urban,106.57,4.73
Telangana,2026,3,Combined,107.61,5.84
Telangana,2026,3,Rural,108.15,6.64
Telangana,2026,3,Urban,107.21,5.25
Telangana,2026,4,Combined,107.96,5.81
Telangana,2026,4,Rural,108.21,6.23
Telangana,2026,4,Urban,107.77,5.50
Telangana,2026,5,Combined,108.76,6.14
Telangana,2026,5,Rural,109.10,6.59
Telangana,2026,5,Urban,108.51,5.81
Telangana,2026,6,Combined,109.53,6.36
Telangana,2026,6,Rural,109.99,6.94
Telangana,2026,6,Urban,109.19,5.94
Telangana,2026,7,Combined,110.06,6.32
Telangana,2026,7,Rural,110.56,6.86
Telangana,2026,7,Urban,109.69,5.92
Telangana,2026,8,Combined,110.30,6.27
Telangana,2026,8,Rural,110.75,6.79
Telangana,2026,8,Urban,109.96,5.88
The Dadra And Nagar Haveli And Daman And Diu,2025,1,Combined,101.34,
The Dadra And Nagar Haveli And Daman And Diu,2025,1,Rural,101.13,
The Dadra And Nagar Haveli And Daman And Diu,2025,1,Urban,101.41,
The Dadra And Nagar Haveli And Daman And Diu,2025,2,Combined,100.62,
The Dadra And Nagar Haveli And Daman And Diu,2025,2,Rural,100.38,
The Dadra And Nagar Haveli And Daman And Diu,2025,2,Urban,100.70,
The Dadra And Nagar Haveli And Daman And Diu,2025,3,Combined,100.55,
The Dadra And Nagar Haveli And Daman And Diu,2025,3,Rural,100.06,
The Dadra And Nagar Haveli And Daman And Diu,2025,3,Urban,100.72,
The Dadra And Nagar Haveli And Daman And Diu,2025,4,Combined,101.09,
The Dadra And Nagar Haveli And Daman And Diu,2025,4,Rural,100.84,
The Dadra And Nagar Haveli And Daman And Diu,2025,4,Urban,101.17,
The Dadra And Nagar Haveli And Daman And Diu,2025,5,Combined,101.50,
The Dadra And Nagar Haveli And Daman And Diu,2025,5,Rural,101.57,
The Dadra And Nagar Haveli And Daman And Diu,2025,5,Urban,101.47,
The Dadra And Nagar Haveli And Daman And Diu,2025,6,Combined,102.70,
The Dadra And Nagar Haveli And Daman And Diu,2025,6,Rural,102.78,
The Dadra And Nagar Haveli And Daman And Diu,2025,6,Urban,102.67,
The Dadra And Nagar Haveli And Daman And Diu,2025,7,Combined,103.85,
The Dadra And Nagar Haveli And Daman And Diu,2025,7,Rural,104.36,
The Dadra And Nagar Haveli And Daman And Diu,2025,7,Urban,103.68,
The Dadra And Nagar Haveli And Daman And Diu,2025,8,Combined,102.90,
The Dadra And Nagar Haveli And Daman And Diu,2025,8,Rural,103.38,
The Dadra And Nagar Haveli And Daman And Diu,2025,8,Urban,102.74,
The Dadra And Nagar Haveli And Daman And Diu,2025,9,Combined,102.98,
The Dadra And Nagar Haveli And Daman And Diu,2025,9,Rural,103.09,
The Dadra And Nagar Haveli And Daman And Diu,2025,9,Urban,102.94,
The Dadra And Nagar Haveli And Daman And Diu,2025,10,Combined,102.84,
The Dadra And Nagar Haveli And Daman And Diu,2025,10,Rural,102.60,
The Dadra And Nagar Haveli And Daman And Diu,2025,10,Urban,102.92,
The Dadra And Nagar Haveli And Daman And Diu,2025,11,Combined,104.05,
The Dadra And Nagar Haveli And Daman And Diu,2025,11,Rural,104.05,
The Dadra And Nagar Haveli And Daman And Diu,2025,11,Urban,104.05,
The Dadra And Nagar Haveli And Daman And Diu,2025,12,Combined,104.08,
The Dadra And Nagar Haveli And Daman And Diu,2025,12,Rural,104.04,
The Dadra And Nagar Haveli And Daman And Diu,2025,12,Urban,104.09,
The Dadra And Nagar Haveli And Daman And Diu,2026,1,Combined,103.96,2.58
The Dadra And Nagar Haveli And Daman And Diu,2026,1,Rural,103.15,2.00
The Dadra And Nagar Haveli And Daman And Diu,2026,1,Urban,104.23,2.78
The Dadra And Nagar Haveli And Daman And Diu,2026,2,Combined,103.89,3.25
The Dadra And Nagar Haveli And Daman And Diu,2026,2,Rural,103.32,2.93
The Dadra And Nagar Haveli And Daman And Diu,2026,2,Urban,104.08,3.36
The Dadra And Nagar Haveli And Daman And Diu,2026,3,Combined,103.81,3.24
The Dadra And Nagar Haveli And Daman And Diu,2026,3,Rural,103.32,3.26
The Dadra And Nagar Haveli And Daman And Diu,2026,3,Urban,103.97,3.23
The Dadra And Nagar Haveli And Daman And Diu,2026,4,Combined,104.48,3.36
The Dadra And Nagar Haveli And Daman And Diu,2026,4,Rural,103.82,2.95
The Dadra And Nagar Haveli And Daman And Diu,2026,4,Urban,104.71,3.49
The Dadra And Nagar Haveli And Daman And Diu,2026,5,Combined,105.56,4.01
The Dadra And Nagar Haveli And Daman And Diu,2026,5,Rural,105.00,3.38
The Dadra And Nagar Haveli And Daman And Diu,2026,5,Urban,105.75,4.22
The Dadra And Nagar Haveli And Daman And Diu,2026,6,Combined,107.08,4.27
The Dadra And Nagar Haveli And Daman And Diu,2026,6,Rural,107.66,4.75
The Dadra And Nagar Haveli And Daman And Diu,2026,6,Urban,106.89,4.11
The Dadra And Nagar Haveli And Daman And Diu,2026,7,Combined,108.01,4.01
The Dadra And Nagar Haveli And Daman And Diu,2026,7,Rural,107.95,3.44
The Dadra And Nagar Haveli And Daman And Diu,2026,7,Urban,108.03,4.20
The Dadra And Nagar Haveli And Daman And Diu,2026,8,Combined,109.30,6.22
The Dadra And Nagar Haveli And Daman And Diu,2026,8,Rural,109.02,5.45
The Dadra And Nagar Haveli And Daman And Diu,2026,8,Urban,109.39,6.48
Tripura,2025,1,Combined,100.73,2.71
Tripura,2025,1,Rural,100.60,2.44
Tripura,2025,1,Urban,101.15,3.57
Tripura,2025,2,Combined,100.07,2.48
Tripura,2025,2,Rural,100.00,2.31
Tripura,2025,2,Urban,100.31,2.93
Tripura,2025,3,Combined,99.91,3.03
Tripura,2025,3,Rural,99.81,2.99
Tripura,2025,3,Urban,100.23,3.21
Tripura,2025,4,Combined,100.34,3.57
Tripura,2025,4,Rural,100.45,3.72
Tripura,2025,4,Urban,99.95,3.12
Tripura,2025,5,Combined,100.93,2.30
Tripura,2025,5,Rural,101.03,2.32
Tripura,2025,5,Urban,100.58,2.23
Tripura,2025,6,Combined,101.83,3.38
Tripura,2025,6,Rural,102.01,3.99
Tripura,2025,6,Urban,101.23,1.60
Tripura,2025,7,Combined,102.22,1.25
Tripura,2025,7,Rural,102.39,1.52
Tripura,2025,7,Urban,101.67,0.39
Tripura,2025,8,Combined,101.72,-1.40
Tripura,2025,8,Rural,101.86,-1.74
Tripura,2025,8,Urban,101.27,-0.29
Tripura,2025,9,Combined,101.97,0.47
Tripura,2025,9,Rural,101.98,0.70
Tripura,2025,9,Urban,101.93,-0.19
Tripura,2025,10,Combined,102.39,-2.92
Tripura,2025,10,Rural,102.35,-3.55
Tripura,2025,10,Urban,102.53,-1.03
Tripura,2025,11,Combined,102.48,-0.65
Tripura,2025,11,Rural,102.47,-0.83
Tripura,2025,11,Urban,102.49,-0.14
Tripura,2025,12,Combined,101.60,-0.84
Tripura,2025,12,Rural,101.43,-1.43
Tripura,2025,12,Urban,102.19,0.82
Tripura,2026,1,Combined,102.03,1.29
Tripura,2026,1,Rural,102.02,1.41
Tripura,2026,1,Urban,102.04,0.89
Tripura,2026,2,Combined,102.17,2.10
Tripura,2026,2,Rural,102.10,2.10
Tripura,2026,2,Urban,102.39,2.08
Tripura,2026,3,Combined,102.19,2.28
Tripura,2026,3,Rural,102.11,2.30
Tripura,2026,3,Urban,102.47,2.23
Tripura,2026,4,Combined,102.68,2.34
Tripura,2026,4,Rural,102.63,2.17
Tripura,2026,4,Urban,102.86,2.90
Tripura,2026,5,Combined,102.97,2.02
Tripura,2026,5,Rural,102.83,1.78
Tripura,2026,5,Urban,103.41,2.80
Tripura,2026,6,Combined,103.48,1.63
Tripura,2026,6,Rural,103.47,1.43
Tripura,2026,6,Urban,103.53,2.27
Tripura,2026,7,Combined,104.59,2.32
Tripura,2026,7,Rural,104.55,2.11
Tripura,2026,7,Urban,104.75,3.04
Tripura,2026,8,Combined,105.32,3.54
Tripura,2026,8,Rural,105.24,3.32
Tripura,2026,8,Urban,105.61,4.28
Uttar Pradesh,2025,1,Combined,101.82,4.59
Uttar Pradesh,2025,1,Rural,101.96,5.07
Uttar Pradesh,2025,1,Urban,101.50,3.74
Uttar Pradesh,2025,2,Combined,101.24,3.56
Uttar Pradesh,2025,2,Rural,101.31,3.76
Uttar Pradesh,2025,2,Urban,101.09,3.09
Uttar Pradesh,2025,3,Combined,101.62,3.01
Uttar Pradesh,2025,3,Rural,101.64,2.99
Uttar Pradesh,2025,3,Urban,101.56,2.92
Uttar Pradesh,2025,4,Combined,101.73,2.51
Uttar Pradesh,2025,4,Rural,101.66,2.40
Uttar Pradesh,2025,4,Urban,101.88,2.69
Uttar Pradesh,2025,5,Combined,101.98,2.25
Uttar Pradesh,2025,5,Rural,101.86,1.97
Uttar Pradesh,2025,5,Urban,102.24,2.64
Uttar Pradesh,2025,6,Combined,102.51,1.53
Uttar Pradesh,2025,6,Rural,102.41,1.11
Uttar Pradesh,2025,6,Urban,102.71,2.29
Uttar Pradesh,2025,7,Combined,103.59,0.05
Uttar Pradesh,2025,7,Rural,103.48,-0.46
Uttar Pradesh,2025,7,Urban,103.82,1.09
Uttar Pradesh,2025,8,Combined,104.24,0.26
Uttar Pradesh,2025,8,Rural,104.25,-0.25
Uttar Pradesh,2025,8,Urban,104.22,1.25
Uttar Pradesh,2025,9,Combined,104.01,-0.66
Uttar Pradesh,2025,9,Rural,103.98,-1.21
Uttar Pradesh,2025,9,Urban,104.09,0.47
Uttar Pradesh,2025,10,Combined,103.88,-1.71
Uttar Pradesh,2025,10,Rural,103.79,-2.50
Uttar Pradesh,2025,10,Urban,104.10,-0.31
Uttar Pradesh,2025,11,Combined,104.17,-1.06
Uttar Pradesh,2025,11,Rural,104.25,-1.90
Uttar Pradesh,2025,11,Urban,104.00,0.57
Uttar Pradesh,2025,12,Combined,104.10,-0.66
Uttar Pradesh,2025,12,Rural,104.15,-1.46
Uttar Pradesh,2025,12,Urban,104.00,0.83
Uttar Pradesh,2026,1,Combined,104.53,2.67
Uttar Pradesh,2026,1,Rural,104.65,2.64
Uttar Pradesh,2026,1,Urban,104.26,2.72
Uttar Pradesh,2026,2,Combined,104.71,3.43
Uttar Pradesh,2026,2,Rural,104.85,3.49
Uttar Pradesh,2026,2,Urban,104.42,3.30
Uttar Pradesh,2026,3,Combined,105.10,3.43
Uttar Pradesh,2026,3,Rural,105.21,3.52
Uttar Pradesh,2026,3,Urban,104.86,3.25
Uttar Pradesh,2026,4,Combined,105.38,3.59
Uttar Pradesh,2026,4,Rural,105.55,3.83
Uttar Pradesh,2026,4,Urban,105.01,3.07
Uttar Pradesh,2026,5,Combined,106.03,3.97
Uttar Pradesh,2026,5,Rural,106.24,4.30
Uttar Pradesh,2026,5,Urban,105.58,3.27
Uttar Pradesh,2026,6,Combined,107.18,4.56
Uttar Pradesh,2026,6,Rural,107.47,4.94
Uttar Pradesh,2026,6,Urban,106.56,3.74
Uttar Pradesh,2026,7,Combined,108.51,4.74
Uttar Pradesh,2026,7,Rural,108.93,5.26
Uttar Pradesh,2026,7,Urban,107.59,3.63
Uttar Pradesh,2026,8,Combined,109.55,5.09
Uttar Pradesh,2026,8,Rural,110.06,5.58
Uttar Pradesh,2026,8,Urban,108.43,4.04
Uttarakhand,2025,1,Combined,102.29,4.90
Uttarakhand,2025,1,Rural,102.60,4.37
Uttarakhand,2025,1,Urban,101.75,5.67
Uttarakhand,2025,2,Combined,101.99,4.02
Uttarakhand,2025,2,Rural,102.34,3.37
Uttarakhand,2025,2,Urban,101.37,5.02
Uttarakhand,2025,3,Combined,102.14,3.78
Uttarakhand,2025,3,Rural,102.43,3.02
Uttarakhand,2025,3,Urban,101.65,4.96
Uttarakhand,2025,4,Combined,102.30,3.76
Uttarakhand,2025,4,Rural,102.60,3.07
Uttarakhand,2025,4,Urban,101.79,4.92
Uttarakhand,2025,5,Combined,102.55,3.53
Uttarakhand,2025,5,Rural,102.72,2.57
Uttarakhand,2025,5,Urban,102.26,5.04
Uttarakhand,2025,6,Combined,103.20,3.35
Uttarakhand,2025,6,Rural,103.60,2.38
Uttarakhand,2025,6,Urban,102.51,4.94
Uttarakhand,2025,7,Combined,104.05,1.73
Uttarakhand,2025,7,Rural,104.54,0.63
Uttarakhand,2025,7,Urban,103.21,3.61
Uttarakhand,2025,8,Combined,104.52,2.90
Uttarakhand,2025,8,Rural,105.15,2.55
Uttarakhand,2025,8,Urban,103.45,3.58
Uttarakhand,2025,9,Combined,104.34,1.94
Uttarakhand,2025,9,Rural,104.96,1.38
Uttarakhand,2025,9,Urban,103.26,2.84
Uttarakhand,2025,10,Combined,104.41,0.88
Uttarakhand,2025,10,Rural,105.14,0.26
Uttarakhand,2025,10,Urban,103.16,1.83
Uttarakhand,2025,11,Combined,104.14,0.67
Uttarakhand,2025,11,Rural,104.76,0.05
Uttarakhand,2025,11,Urban,103.08,1.67
Uttarakhand,2025,12,Combined,104.47,0.67
Uttarakhand,2025,12,Rural,104.98,0.21
Uttarakhand,2025,12,Urban,103.58,1.53
Uttarakhand,2026,1,Combined,104.53,2.19
Uttarakhand,2026,1,Rural,105.07,2.41
Uttarakhand,2026,1,Urban,103.61,1.82
Uttarakhand,2026,2,Combined,104.74,2.69
Uttarakhand,2026,2,Rural,105.29,2.88
Uttarakhand,2026,2,Urban,103.78,2.37
Uttarakhand,2026,3,Combined,105.52,3.31
Uttarakhand,2026,3,Rural,106.11,3.60
Uttarakhand,2026,3,Urban,104.50,2.80
Uttarakhand,2026,4,Combined,105.88,3.50
Uttarakhand,2026,4,Rural,106.69,3.98
Uttarakhand,2026,4,Urban,104.50,2.66
Uttarakhand,2026,5,Combined,106.36,3.72
Uttarakhand,2026,5,Rural,107.13,4.29
Uttarakhand,2026,5,Urban,105.04,2.71
Uttarakhand,2026,6,Combined,107.45,4.12
Uttarakhand,2026,6,Rural,108.34,4.58
Uttarakhand,2026,6,Urban,105.91,3.31
Uttarakhand,2026,7,Combined,108.44,4.21
Uttarakhand,2026,7,Rural,109.41,4.66
Uttarakhand,2026,7,Urban,106.75,3.43
Uttarakhand,2026,8,Combined,109.38,4.65
Uttarakhand,2026,8,Rural,110.50,5.09
Uttarakhand,2026,8,Urban,107.46,3.88
West Bengal,2025,1,Combined,101.18,3.38
West Bengal,2025,1,Rural,101.17,3.77
West Bengal,2025,1,Urban,101.20,2.93
West Bengal,2025,2,Combined,100.80,3.06
West Bengal,2025,2,Rural,100.80,3.09
West Bengal,2025,2,Urban,100.78,2.98
West Bengal,2025,3,Combined,100.99,3.17
West Bengal,2025,3,Rural,100.92,3.15
West Bengal,2025,3,Urban,101.07,3.26
West Bengal,2025,4,Combined,101.27,3.16
West Bengal,2025,4,Rural,100.94,3.04
West Bengal,2025,4,Urban,101.67,3.39
West Bengal,2025,5,Combined,101.53,2.45
West Bengal,2025,5,Rural,101.20,1.76
West Bengal,2025,5,Urban,101.94,3.21
West Bengal,2025,6,Combined,102.03,1.45
West Bengal,2025,6,Rural,101.78,0.66
West Bengal,2025,6,Urban,102.34,2.35
West Bengal,2025,7,Combined,103.10,0.81
West Bengal,2025,7,Rural,103.06,-0.40
West Bengal,2025,7,Urban,103.15,2.27
West Bengal,2025,8,Combined,104.27,2.03
West Bengal,2025,8,Rural,104.47,0.75
West Bengal,2025,8,Urban,104.03,3.46
West Bengal,2025,9,Combined,104.51,1.82
West Bengal,2025,9,Rural,104.67,0.80
West Bengal,2025,9,Urban,104.31,3.03
West Bengal,2025,10,Combined,104.36,0.45
West Bengal,2025,10,Rural,104.62,-0.88
West Bengal,2025,10,Urban,104.03,1.97
West Bengal,2025,11,Combined,104.00,0.50
West Bengal,2025,11,Rural,104.20,-0.74
West Bengal,2025,11,Urban,103.76,1.92
West Bengal,2025,12,Combined,103.51,1.06
West Bengal,2025,12,Rural,103.48,-0.35
West Bengal,2025,12,Urban,103.55,2.67
West Bengal,2026,1,Combined,104.00,2.79
West Bengal,2026,1,Rural,104.06,2.86
West Bengal,2026,1,Urban,103.93,2.70
West Bengal,2026,2,Combined,104.26,3.44
West Bengal,2026,2,Rural,104.51,3.68
West Bengal,2026,2,Urban,103.95,3.14
West Bengal,2026,3,Combined,103.85,2.84
West Bengal,2026,3,Rural,103.92,2.97
West Bengal,2026,3,Urban,103.77,2.66
West Bengal,2026,4,Combined,104.27,2.97
West Bengal,2026,4,Rural,104.35,3.37
West Bengal,2026,4,Urban,104.18,2.46
West Bengal,2026,5,Combined,105.02,3.44
West Bengal,2026,5,Rural,105.19,3.94
West Bengal,2026,5,Urban,104.80,2.81
West Bengal,2026,6,Combined,106.05,3.95
West Bengal,2026,6,Rural,106.23,4.37
West Bengal,2026,6,Urban,105.83,3.41
West Bengal,2026,7,Combined,107.11,3.89
West Bengal,2026,7,Rural,107.39,4.20
West Bengal,2026,7,Urban,106.76,3.50
West Bengal,2026,8,Combined,107.69,3.28
West Bengal,2026,8,Rural,108.25,3.62
West Bengal,2026,8,Urban,106.99,2.85
