# All-India CPI, monthly, Jan 2013 onward. CPI base 2024=100 incl. MoSPI linked back series. Inflation = year-on-year %. Source: MoSPI / Office of the Economic Adviser, via IndiaInflation.com. Please credit IndiaInflation.com.
year,month,combined_index,rural_index,urban_index,combined_inflation,rural_inflation,urban_inflation
2013,1,55.10,54.90,55.30,,,
2013,2,55.50,55.20,55.70,,,
2013,3,55.60,55.40,55.90,,,
2013,4,55.90,55.60,56.20,,,
2013,5,56.30,56.00,56.70,,,
2013,6,57.60,56.90,58.40,,,
2013,7,58.50,57.80,59.30,,,
2013,8,59.20,58.50,60.00,,,
2013,9,59.90,59.60,60.20,,,
2013,10,60.50,60.30,60.60,,,
2013,11,61.30,61.30,61.20,,,
2013,12,60.30,60.30,60.30,,,
2014,1,59.80,59.60,60.10,8.60,8.66,8.56
2014,2,59.80,59.50,60.20,7.88,7.75,8.02
2014,3,60.10,59.80,60.50,8.25,8.11,8.29
2014,4,60.60,60.30,61.00,8.48,8.46,8.51
2014,5,61.00,60.60,61.50,8.33,8.21,8.44
2014,6,61.50,61.10,61.90,6.77,7.44,6.11
2014,7,62.80,62.40,63.30,7.39,7.95,6.73
2014,8,63.40,63.00,63.80,7.03,7.67,6.39
2014,9,63.30,63.10,63.40,5.63,5.87,5.30
2014,10,63.30,63.20,63.40,4.62,4.76,4.47
2014,11,63.30,63.20,63.30,3.27,3.15,3.48
2014,12,62.90,62.80,63.00,4.28,4.16,4.50
2015,1,62.90,62.80,63.00,5.19,5.34,4.96
2015,2,63.00,63.00,63.10,5.37,5.79,4.95
2015,3,63.30,63.20,63.40,5.25,5.67,4.75
2015,4,63.60,63.40,63.70,4.87,5.29,4.36
2015,5,64.00,63.90,64.20,5.01,5.52,4.41
2015,6,64.80,64.80,64.70,5.40,6.07,4.55
2015,7,65.10,65.10,65.10,3.69,4.35,2.94
2015,8,65.70,65.80,65.50,3.74,4.47,2.75
2015,9,66.00,66.30,65.70,4.41,5.05,3.61
2015,10,66.40,66.70,66.10,5.00,5.54,4.28
2015,11,66.70,67.00,66.30,5.41,5.95,4.71
2015,12,66.40,66.80,66.00,5.61,6.32,4.73
2016,1,66.50,66.90,66.10,5.69,6.48,4.81
2016,2,66.40,66.80,65.90,5.26,6.05,4.30
2016,3,66.40,66.80,65.90,4.83,5.70,3.95
2016,4,67.00,67.40,66.70,5.47,6.17,4.68
2016,5,67.70,68.00,67.40,5.76,6.45,4.89
2016,6,68.50,68.90,68.10,5.77,6.29,5.26
2016,7,69.10,69.50,68.60,6.07,6.66,5.39
2016,8,69.10,69.70,68.30,5.05,5.87,4.22
2016,9,68.90,69.70,68.10,4.39,5.04,3.64
2016,10,69.20,69.90,68.40,4.20,4.78,3.54
2016,11,69.10,69.80,68.40,3.63,4.13,3.13
2016,12,68.70,69.30,67.90,3.41,3.83,2.90
2017,1,68.60,69.10,68.00,3.17,3.36,2.90
2017,2,68.80,69.20,68.20,3.65,3.67,3.55
2017,3,68.90,69.30,68.50,3.89,3.75,3.96
2017,4,69.10,69.40,68.70,2.99,3.02,3.03
2017,5,69.20,69.60,68.80,2.18,2.30,2.13
2017,6,69.50,69.90,69.10,1.46,1.52,1.41
2017,7,70.70,71.10,70.10,2.36,2.41,2.17
2017,8,71.30,72.00,70.60,3.28,3.22,3.35
2017,9,71.20,71.90,70.40,3.28,3.15,3.44
2017,10,71.70,72.20,71.00,3.58,3.36,3.81
2017,11,72.50,73.10,71.70,4.88,4.79,4.90
2017,12,72.30,73.00,71.30,5.21,5.27,5.09
2018,1,72.10,72.70,71.30,5.07,5.21,4.93
2018,2,71.80,72.30,71.30,4.44,4.45,4.52
2018,3,71.90,72.40,71.30,4.28,4.44,4.12
2018,4,72.20,72.60,71.70,4.58,4.67,4.42
2018,5,72.60,73.00,72.00,4.87,4.88,4.72
2018,6,72.90,73.40,72.50,4.92,4.93,4.85
2018,7,73.60,74.00,73.20,4.17,4.11,4.32
2018,8,73.90,74.40,73.40,3.69,3.41,3.99
2018,9,73.80,74.20,73.50,3.70,3.27,4.31
2018,10,74.10,74.30,73.90,3.38,2.82,4.04
2018,11,74.20,74.40,73.90,2.33,1.71,3.12
2018,12,73.80,74.10,73.40,2.11,1.50,2.91
2019,1,73.50,73.60,73.40,1.97,1.22,2.91
2019,2,73.70,73.60,73.70,2.57,1.81,3.43
2019,3,73.90,73.70,74.20,2.86,1.80,4.10
2019,4,74.40,74.00,74.80,2.99,1.87,4.30
2019,5,74.80,74.40,75.30,3.05,1.86,4.51
2019,6,75.30,75.00,75.60,3.18,2.21,4.33
2019,7,76.00,75.70,76.20,3.15,2.19,4.22
2019,8,76.40,76.10,76.70,3.28,2.25,4.49
2019,9,76.80,76.60,77.00,3.99,3.24,4.78
2019,10,77.50,77.40,77.70,4.62,4.29,5.11
2019,11,78.30,78.30,78.20,5.54,5.27,5.76
2019,12,79.20,79.50,78.90,7.35,7.33,7.46
2020,1,79.10,79.30,78.80,7.59,7.73,7.39
2020,2,78.50,78.50,78.60,6.58,6.67,6.57
2020,3,78.30,78.20,78.40,5.84,6.09,5.59
2020,4,79.70,79.30,80.30,7.22,7.20,7.33
2020,5,79.50,79.00,80.10,6.27,6.18,6.43
2020,6,80.00,79.70,80.20,6.23,6.34,6.12
2020,7,81.10,80.80,81.30,6.73,6.76,6.70
2020,8,81.50,81.10,81.90,6.69,6.66,6.80
2020,9,82.40,82.20,82.60,7.27,7.36,7.26
2020,10,83.40,83.40,83.40,7.61,7.75,7.33
2020,11,83.70,83.90,83.50,6.93,7.20,6.73
2020,12,82.80,82.80,83.00,4.59,4.07,5.19
2021,1,82.30,81.90,82.90,4.06,3.23,5.13
2021,2,82.50,81.80,83.30,5.03,4.19,5.96
2021,3,82.60,81.80,83.50,5.52,4.61,6.52
2021,4,83.10,82.30,84.10,4.23,3.75,4.71
2021,5,84.50,84.10,84.90,6.30,6.55,5.91
2021,6,85.00,84.60,85.30,6.26,6.16,6.37
2021,7,85.60,85.20,86.10,5.59,5.49,5.82
2021,8,85.80,85.40,86.30,5.30,5.28,5.32
2021,9,86.00,85.60,86.30,4.35,4.13,4.57
2021,10,87.20,86.80,87.60,4.48,4.07,5.04
2021,11,87.80,87.50,88.10,4.91,4.29,5.54
2021,12,87.50,87.20,87.90,5.66,5.36,5.90
2022,1,87.30,86.90,87.80,6.01,6.12,5.91
2022,2,87.50,87.10,88.00,6.07,6.38,5.75
2022,3,88.30,88.10,88.60,6.95,7.66,6.12
2022,4,89.60,89.20,90.00,7.79,8.38,7.09
2022,5,90.40,90.10,90.90,7.04,7.08,7.08
2022,6,90.90,90.70,91.20,7.01,7.09,6.86
2022,7,91.30,91.00,91.70,6.71,6.80,6.49
2022,8,91.80,91.50,92.10,7.00,7.15,6.72
2022,9,92.30,92.10,92.60,7.41,7.56,7.27
2022,10,93.10,92.90,93.30,6.77,6.98,6.50
2022,11,93.00,92.80,93.10,5.88,6.09,5.68
2022,12,92.50,92.50,92.60,5.72,6.05,5.39
2023,1,93.00,92.80,93.00,6.52,6.85,6.00
2023,2,93.10,92.90,93.40,6.44,6.72,6.10
2023,3,93.30,93.00,93.80,5.66,5.51,5.89
2023,4,93.80,93.40,94.40,4.70,4.68,4.85
2023,5,94.30,93.90,94.80,4.31,4.23,4.33
2023,6,95.30,95.00,95.70,4.87,4.78,4.96
2023,7,98.10,98.00,98.30,7.44,7.63,7.20
2023,8,98.10,98.00,98.20,6.83,7.02,6.59
2023,9,97.00,97.00,96.90,5.02,5.33,4.65
2023,10,97.60,97.70,97.60,4.87,5.12,4.62
2023,11,98.10,98.30,98.00,5.55,5.85,5.26
2023,12,97.80,98.00,97.70,5.69,5.93,5.46
2024,1,97.70,97.80,97.60,5.10,5.34,4.92
2024,2,97.90,97.90,97.90,5.09,5.34,4.78
2024,3,97.90,98.10,97.70,4.85,5.51,4.14
2024,4,98.30,98.40,98.30,4.83,5.43,4.11
2024,5,98.90,98.90,98.80,4.80,5.34,4.21
2024,6,100.20,100.40,99.90,5.08,5.66,4.39
2024,7,101.70,102.00,101.20,3.60,4.10,3.03
2024,8,101.70,102.00,101.20,3.65,4.16,3.14
2024,9,102.30,102.70,101.80,5.49,5.87,5.05
2024,10,103.70,104.20,103.00,6.21,6.68,5.62
2024,11,103.50,104.10,102.80,5.48,5.95,4.89
2024,12,102.90,103.60,102.10,5.22,5.76,4.58
2025,1,101.67,101.81,101.49,4.06,4.10,3.99
2025,2,101.32,101.33,101.30,3.49,3.50,3.47
2025,3,101.39,101.34,101.47,3.56,3.30,3.86
2025,4,101.58,101.49,101.71,3.34,3.14,3.47
2025,5,101.90,101.78,102.06,3.03,2.91,3.30
2025,6,102.51,102.39,102.66,2.31,1.98,2.76
2025,7,103.35,103.34,103.36,1.62,1.31,2.13
2025,8,103.74,103.84,103.60,2.01,1.80,2.37
2025,9,103.74,103.80,103.66,1.41,1.07,1.83
2025,10,103.74,103.85,103.61,0.04,-0.34,0.59
2025,11,104.01,104.16,103.83,0.49,0.06,1.00
2025,12,104.10,104.19,103.98,1.17,0.57,1.84
2026,1,104.45,104.59,104.28,2.74,2.73,2.75
2026,2,104.57,104.74,104.36,3.21,3.37,3.02
2026,3,104.84,105.02,104.62,3.40,3.63,3.11
2026,4,105.12,105.28,104.92,3.48,3.74,3.16
2026,5,105.91,106.11,105.66,3.93,4.25,3.53
2026,6,107.00,107.24,106.69,4.38,4.74,3.93
2026,7,107.95,108.34,107.45,4.45,4.84,3.96
2026,8,108.74,109.27,108.07,4.82,5.23,4.31
